<?xml version="1.0" encoding="UTF-8" standalone="yes"?><kml xmlns="http://earth.google.com/kml/2.1">
<Document>
<name>MarineTraffic.com</name>
<description>Real-time ship positions around the world!</description>
<atom:author><atom:name>Dimitris Lekkas</atom:name></atom:author>    
<LookAt>
<latitude>47.0</latitude>
<longitude>19.0</longitude>
<range>4000000.0</range>
</LookAt>

<NetworkLink>
<description>MarineTraffic.com</description>
<name>Real Time Vessels Positions - AIS</name>
<Region>
  <LatLonAltBox>
     <north>90</north>
     <south>-90</south>
     <east>180</east>
     <west>-180</west>
  </LatLonAltBox>
  <Lod>
     <minLodPixels>128</minLodPixels>
     <maxLodPixels>8192</maxLodPixels>
  </Lod>
</Region>
<Link>
<href>http://www.marinetraffic.com/ais/getkml.aspx?cluster=0&amp;minlat=-90&amp;maxlat=90&amp;minlon=-180&amp;maxlon=180</href>
<refreshInterval>600.0</refreshInterval>
<refreshMode>onInterval</refreshMode>
</Link>
</NetworkLink>

<NetworkLink><Region><LatLonAltBox><south>-90</south><north>-45</north><west>-180</west><east>-90</east></LatLonAltBox>
<Lod><minLodPixels>1024</minLodPixels><maxLodPixels>16384</maxLodPixels></Lod></Region>
<Link><href>http://www.marinetraffic.com/ais/getkml.aspx?cluster=1&amp;minlat=-90&amp;maxlat=-45&amp;minlon=-180&amp;maxlon=-90</href><refreshInterval>600.0</refreshInterval><refreshMode>onInterval</refreshMode></Link></NetworkLink>
<NetworkLink><Region><LatLonAltBox><south>-90</south><north>-45</north><west>-90</west><east>0</east></LatLonAltBox>
<Lod><minLodPixels>1024</minLodPixels><maxLodPixels>16384</maxLodPixels></Lod></Region>
<Link><href>http://www.marinetraffic.com/ais/getkml.aspx?cluster=1&amp;minlat=-90&amp;maxlat=-45&amp;minlon=-90&amp;maxlon=0</href><refreshInterval>600.0</refreshInterval><refreshMode>onInterval</refreshMode></Link></NetworkLink>
<NetworkLink><Region><LatLonAltBox><south>-90</south><north>-45</north><west>0</west><east>90</east></LatLonAltBox>
<Lod><minLodPixels>1024</minLodPixels><maxLodPixels>16384</maxLodPixels></Lod></Region>
<Link><href>http://www.marinetraffic.com/ais/getkml.aspx?cluster=1&amp;minlat=-90&amp;maxlat=-45&amp;minlon=0&amp;maxlon=90</href><refreshInterval>600.0</refreshInterval><refreshMode>onInterval</refreshMode></Link></NetworkLink>
<NetworkLink><Region><LatLonAltBox><south>-90</south><north>-45</north><west>90</west><east>180</east></LatLonAltBox>
<Lod><minLodPixels>1024</minLodPixels><maxLodPixels>16384</maxLodPixels></Lod></Region>
<Link><href>http://www.marinetraffic.com/ais/getkml.aspx?cluster=1&amp;minlat=-90&amp;maxlat=-45&amp;minlon=90&amp;maxlon=180</href><refreshInterval>600.0</refreshInterval><refreshMode>onInterval</refreshMode></Link></NetworkLink>
<NetworkLink><Region><LatLonAltBox><south>-45</south><north>0</north><west>-180</west><east>-90</east></LatLonAltBox>
<Lod><minLodPixels>1024</minLodPixels><maxLodPixels>16384</maxLodPixels></Lod></Region>
<Link><href>http://www.marinetraffic.com/ais/getkml.aspx?cluster=1&amp;minlat=-45&amp;maxlat=0&amp;minlon=-180&amp;maxlon=-90</href><refreshInterval>600.0</refreshInterval><refreshMode>onInterval</refreshMode></Link></NetworkLink>
<NetworkLink><Region><LatLonAltBox><south>-45</south><north>0</north><west>-90</west><east>0</east></LatLonAltBox>
<Lod><minLodPixels>1024</minLodPixels><maxLodPixels>16384</maxLodPixels></Lod></Region>
<Link><href>http://www.marinetraffic.com/ais/getkml.aspx?cluster=1&amp;minlat=-45&amp;maxlat=0&amp;minlon=-90&amp;maxlon=0</href><refreshInterval>600.0</refreshInterval><refreshMode>onInterval</refreshMode></Link></NetworkLink>
<NetworkLink><Region><LatLonAltBox><south>-45</south><north>0</north><west>0</west><east>90</east></LatLonAltBox>
<Lod><minLodPixels>1024</minLodPixels><maxLodPixels>16384</maxLodPixels></Lod></Region>
<Link><href>http://www.marinetraffic.com/ais/getkml.aspx?cluster=1&amp;minlat=-45&amp;maxlat=0&amp;minlon=0&amp;maxlon=90</href><refreshInterval>600.0</refreshInterval><refreshMode>onInterval</refreshMode></Link></NetworkLink>
<NetworkLink><Region><LatLonAltBox><south>-45</south><north>0</north><west>90</west><east>180</east></LatLonAltBox>
<Lod><minLodPixels>1024</minLodPixels><maxLodPixels>16384</maxLodPixels></Lod></Region>
<Link><href>http://www.marinetraffic.com/ais/getkml.aspx?cluster=1&amp;minlat=-45&amp;maxlat=0&amp;minlon=90&amp;maxlon=180</href><refreshInterval>600.0</refreshInterval><refreshMode>onInterval</refreshMode></Link></NetworkLink>
<NetworkLink><Region><LatLonAltBox><south>0</south><north>45</north><west>-180</west><east>-90</east></LatLonAltBox>
<Lod><minLodPixels>1024</minLodPixels><maxLodPixels>16384</maxLodPixels></Lod></Region>
<Link><href>http://www.marinetraffic.com/ais/getkml.aspx?cluster=1&amp;minlat=0&amp;maxlat=45&amp;minlon=-180&amp;maxlon=-90</href><refreshInterval>600.0</refreshInterval><refreshMode>onInterval</refreshMode></Link></NetworkLink>
<NetworkLink><Region><LatLonAltBox><south>0</south><north>45</north><west>-90</west><east>0</east></LatLonAltBox>
<Lod><minLodPixels>1024</minLodPixels><maxLodPixels>16384</maxLodPixels></Lod></Region>
<Link><href>http://www.marinetraffic.com/ais/getkml.aspx?cluster=1&amp;minlat=0&amp;maxlat=45&amp;minlon=-90&amp;maxlon=0</href><refreshInterval>600.0</refreshInterval><refreshMode>onInterval</refreshMode></Link></NetworkLink>
<NetworkLink><Region><LatLonAltBox><south>0</south><north>45</north><west>0</west><east>90</east></LatLonAltBox>
<Lod><minLodPixels>1024</minLodPixels><maxLodPixels>16384</maxLodPixels></Lod></Region>
<Link><href>http://www.marinetraffic.com/ais/getkml.aspx?cluster=1&amp;minlat=0&amp;maxlat=45&amp;minlon=0&amp;maxlon=90</href><refreshInterval>600.0</refreshInterval><refreshMode>onInterval</refreshMode></Link></NetworkLink>
<NetworkLink><Region><LatLonAltBox><south>0</south><north>45</north><west>90</west><east>180</east></LatLonAltBox>
<Lod><minLodPixels>1024</minLodPixels><maxLodPixels>16384</maxLodPixels></Lod></Region>
<Link><href>http://www.marinetraffic.com/ais/getkml.aspx?cluster=1&amp;minlat=0&amp;maxlat=45&amp;minlon=90&amp;maxlon=180</href><refreshInterval>600.0</refreshInterval><refreshMode>onInterval</refreshMode></Link></NetworkLink>
<NetworkLink><Region><LatLonAltBox><south>45</south><north>90</north><west>-180</west><east>-90</east></LatLonAltBox>
<Lod><minLodPixels>1024</minLodPixels><maxLodPixels>16384</maxLodPixels></Lod></Region>
<Link><href>http://www.marinetraffic.com/ais/getkml.aspx?cluster=1&amp;minlat=45&amp;maxlat=90&amp;minlon=-180&amp;maxlon=-90</href><refreshInterval>600.0</refreshInterval><refreshMode>onInterval</refreshMode></Link></NetworkLink>
<NetworkLink><Region><LatLonAltBox><south>45</south><north>90</north><west>-90</west><east>0</east></LatLonAltBox>
<Lod><minLodPixels>1024</minLodPixels><maxLodPixels>16384</maxLodPixels></Lod></Region>
<Link><href>http://www.marinetraffic.com/ais/getkml.aspx?cluster=1&amp;minlat=45&amp;maxlat=90&amp;minlon=-90&amp;maxlon=0</href><refreshInterval>600.0</refreshInterval><refreshMode>onInterval</refreshMode></Link></NetworkLink>
<NetworkLink><Region><LatLonAltBox><south>45</south><north>90</north><west>0</west><east>90</east></LatLonAltBox>
<Lod><minLodPixels>1024</minLodPixels><maxLodPixels>16384</maxLodPixels></Lod></Region>
<Link><href>http://www.marinetraffic.com/ais/getkml.aspx?cluster=1&amp;minlat=45&amp;maxlat=90&amp;minlon=0&amp;maxlon=90</href><refreshInterval>600.0</refreshInterval><refreshMode>onInterval</refreshMode></Link></NetworkLink>
<NetworkLink><Region><LatLonAltBox><south>45</south><north>90</north><west>90</west><east>180</east></LatLonAltBox>
<Lod><minLodPixels>1024</minLodPixels><maxLodPixels>16384</maxLodPixels></Lod></Region>
<Link><href>http://www.marinetraffic.com/ais/getkml.aspx?cluster=1&amp;minlat=45&amp;maxlat=90&amp;minlon=90&amp;maxlon=180</href><refreshInterval>600.0</refreshInterval><refreshMode>onInterval</refreshMode></Link></NetworkLink>



<NetworkLink><Region><LatLonAltBox><south>-90</south><north>-78.25</north><west>-180</west><east>-157.5</east></LatLonAltBox>
<Lod><minLodPixels>4096</minLodPixels><maxLodPixels>-1</maxLodPixels></Lod></Region>
<Link><href>http://www.marinetraffic.com/ais/getkml.aspx?minlat=-90&amp;maxlat=-78.25&amp;minlon=-180&amp;maxlon=-157.5</href><refreshInterval>600.0</refreshInterval><refreshMode>onRegion</refreshMode></Link></NetworkLink>
<NetworkLink><Region><LatLonAltBox><south>-90</south><north>-78.25</north><west>-157.5</west><east>-135</east></LatLonAltBox>
<Lod><minLodPixels>4096</minLodPixels><maxLodPixels>-1</maxLodPixels></Lod></Region>
<Link><href>http://www.marinetraffic.com/ais/getkml.aspx?minlat=-90&amp;maxlat=-78.25&amp;minlon=-157.5&amp;maxlon=-135</href><refreshInterval>600.0</refreshInterval><refreshMode>onRegion</refreshMode></Link></NetworkLink>
<NetworkLink><Region><LatLonAltBox><south>-90</south><north>-78.25</north><west>-135</west><east>-112.5</east></LatLonAltBox>
<Lod><minLodPixels>4096</minLodPixels><maxLodPixels>-1</maxLodPixels></Lod></Region>
<Link><href>http://www.marinetraffic.com/ais/getkml.aspx?minlat=-90&amp;maxlat=-78.25&amp;minlon=-135&amp;maxlon=-112.5</href><refreshInterval>600.0</refreshInterval><refreshMode>onRegion</refreshMode></Link></NetworkLink>
<NetworkLink><Region><LatLonAltBox><south>-90</south><north>-78.25</north><west>-112.5</west><east>-90</east></LatLonAltBox>
<Lod><minLodPixels>4096</minLodPixels><maxLodPixels>-1</maxLodPixels></Lod></Region>
<Link><href>http://www.marinetraffic.com/ais/getkml.aspx?minlat=-90&amp;maxlat=-78.25&amp;minlon=-112.5&amp;maxlon=-90</href><refreshInterval>600.0</refreshInterval><refreshMode>onRegion</refreshMode></Link></NetworkLink>
<NetworkLink><Region><LatLonAltBox><south>-90</south><north>-78.25</north><west>-90</west><east>-67.5</east></LatLonAltBox>
<Lod><minLodPixels>4096</minLodPixels><maxLodPixels>-1</maxLodPixels></Lod></Region>
<Link><href>http://www.marinetraffic.com/ais/getkml.aspx?minlat=-90&amp;maxlat=-78.25&amp;minlon=-90&amp;maxlon=-67.5</href><refreshInterval>600.0</refreshInterval><refreshMode>onRegion</refreshMode></Link></NetworkLink>
<NetworkLink><Region><LatLonAltBox><south>-90</south><north>-78.25</north><west>-67.5</west><east>-45</east></LatLonAltBox>
<Lod><minLodPixels>4096</minLodPixels><maxLodPixels>-1</maxLodPixels></Lod></Region>
<Link><href>http://www.marinetraffic.com/ais/getkml.aspx?minlat=-90&amp;maxlat=-78.25&amp;minlon=-67.5&amp;maxlon=-45</href><refreshInterval>600.0</refreshInterval><refreshMode>onRegion</refreshMode></Link></NetworkLink>
<NetworkLink><Region><LatLonAltBox><south>-90</south><north>-78.25</north><west>-45</west><east>-22.5</east></LatLonAltBox>
<Lod><minLodPixels>4096</minLodPixels><maxLodPixels>-1</maxLodPixels></Lod></Region>
<Link><href>http://www.marinetraffic.com/ais/getkml.aspx?minlat=-90&amp;maxlat=-78.25&amp;minlon=-45&amp;maxlon=-22.5</href><refreshInterval>600.0</refreshInterval><refreshMode>onRegion</refreshMode></Link></NetworkLink>
<NetworkLink><Region><LatLonAltBox><south>-90</south><north>-78.25</north><west>-22.5</west><east>0</east></LatLonAltBox>
<Lod><minLodPixels>4096</minLodPixels><maxLodPixels>-1</maxLodPixels></Lod></Region>
<Link><href>http://www.marinetraffic.com/ais/getkml.aspx?minlat=-90&amp;maxlat=-78.25&amp;minlon=-22.5&amp;maxlon=0</href><refreshInterval>600.0</refreshInterval><refreshMode>onRegion</refreshMode></Link></NetworkLink>
<NetworkLink><Region><LatLonAltBox><south>-90</south><north>-78.25</north><west>0</west><east>22.5</east></LatLonAltBox>
<Lod><minLodPixels>4096</minLodPixels><maxLodPixels>-1</maxLodPixels></Lod></Region>
<Link><href>http://www.marinetraffic.com/ais/getkml.aspx?minlat=-90&amp;maxlat=-78.25&amp;minlon=0&amp;maxlon=22.5</href><refreshInterval>600.0</refreshInterval><refreshMode>onRegion</refreshMode></Link></NetworkLink>
<NetworkLink><Region><LatLonAltBox><south>-90</south><north>-78.25</north><west>22.5</west><east>45</east></LatLonAltBox>
<Lod><minLodPixels>4096</minLodPixels><maxLodPixels>-1</maxLodPixels></Lod></Region>
<Link><href>http://www.marinetraffic.com/ais/getkml.aspx?minlat=-90&amp;maxlat=-78.25&amp;minlon=22.5&amp;maxlon=45</href><refreshInterval>600.0</refreshInterval><refreshMode>onRegion</refreshMode></Link></NetworkLink>
<NetworkLink><Region><LatLonAltBox><south>-90</south><north>-78.25</north><west>45</west><east>67.5</east></LatLonAltBox>
<Lod><minLodPixels>4096</minLodPixels><maxLodPixels>-1</maxLodPixels></Lod></Region>
<Link><href>http://www.marinetraffic.com/ais/getkml.aspx?minlat=-90&amp;maxlat=-78.25&amp;minlon=45&amp;maxlon=67.5</href><refreshInterval>600.0</refreshInterval><refreshMode>onRegion</refreshMode></Link></NetworkLink>
<NetworkLink><Region><LatLonAltBox><south>-90</south><north>-78.25</north><west>67.5</west><east>90</east></LatLonAltBox>
<Lod><minLodPixels>4096</minLodPixels><maxLodPixels>-1</maxLodPixels></Lod></Region>
<Link><href>http://www.marinetraffic.com/ais/getkml.aspx?minlat=-90&amp;maxlat=-78.25&amp;minlon=67.5&amp;maxlon=90</href><refreshInterval>600.0</refreshInterval><refreshMode>onRegion</refreshMode></Link></NetworkLink>
<NetworkLink><Region><LatLonAltBox><south>-90</south><north>-78.25</north><west>90</west><east>112.5</east></LatLonAltBox>
<Lod><minLodPixels>4096</minLodPixels><maxLodPixels>-1</maxLodPixels></Lod></Region>
<Link><href>http://www.marinetraffic.com/ais/getkml.aspx?minlat=-90&amp;maxlat=-78.25&amp;minlon=90&amp;maxlon=112.5</href><refreshInterval>600.0</refreshInterval><refreshMode>onRegion</refreshMode></Link></NetworkLink>
<NetworkLink><Region><LatLonAltBox><south>-90</south><north>-78.25</north><west>112.5</west><east>135</east></LatLonAltBox>
<Lod><minLodPixels>4096</minLodPixels><maxLodPixels>-1</maxLodPixels></Lod></Region>
<Link><href>http://www.marinetraffic.com/ais/getkml.aspx?minlat=-90&amp;maxlat=-78.25&amp;minlon=112.5&amp;maxlon=135</href><refreshInterval>600.0</refreshInterval><refreshMode>onRegion</refreshMode></Link></NetworkLink>
<NetworkLink><Region><LatLonAltBox><south>-90</south><north>-78.25</north><west>135</west><east>157.5</east></LatLonAltBox>
<Lod><minLodPixels>4096</minLodPixels><maxLodPixels>-1</maxLodPixels></Lod></Region>
<Link><href>http://www.marinetraffic.com/ais/getkml.aspx?minlat=-90&amp;maxlat=-78.25&amp;minlon=135&amp;maxlon=157.5</href><refreshInterval>600.0</refreshInterval><refreshMode>onRegion</refreshMode></Link></NetworkLink>
<NetworkLink><Region><LatLonAltBox><south>-90</south><north>-78.25</north><west>157.5</west><east>180</east></LatLonAltBox>
<Lod><minLodPixels>4096</minLodPixels><maxLodPixels>-1</maxLodPixels></Lod></Region>
<Link><href>http://www.marinetraffic.com/ais/getkml.aspx?minlat=-90&amp;maxlat=-78.25&amp;minlon=157.5&amp;maxlon=180</href><refreshInterval>600.0</refreshInterval><refreshMode>onRegion</refreshMode></Link></NetworkLink>
<NetworkLink><Region><LatLonAltBox><south>-78.25</south><north>-66.5</north><west>-180</west><east>-157.5</east></LatLonAltBox>
<Lod><minLodPixels>4096</minLodPixels><maxLodPixels>-1</maxLodPixels></Lod></Region>
<Link><href>http://www.marinetraffic.com/ais/getkml.aspx?minlat=-78.25&amp;maxlat=-66.5&amp;minlon=-180&amp;maxlon=-157.5</href><refreshInterval>600.0</refreshInterval><refreshMode>onRegion</refreshMode></Link></NetworkLink>
<NetworkLink><Region><LatLonAltBox><south>-78.25</south><north>-66.5</north><west>-157.5</west><east>-135</east></LatLonAltBox>
<Lod><minLodPixels>4096</minLodPixels><maxLodPixels>-1</maxLodPixels></Lod></Region>
<Link><href>http://www.marinetraffic.com/ais/getkml.aspx?minlat=-78.25&amp;maxlat=-66.5&amp;minlon=-157.5&amp;maxlon=-135</href><refreshInterval>600.0</refreshInterval><refreshMode>onRegion</refreshMode></Link></NetworkLink>
<NetworkLink><Region><LatLonAltBox><south>-78.25</south><north>-66.5</north><west>-135</west><east>-112.5</east></LatLonAltBox>
<Lod><minLodPixels>4096</minLodPixels><maxLodPixels>-1</maxLodPixels></Lod></Region>
<Link><href>http://www.marinetraffic.com/ais/getkml.aspx?minlat=-78.25&amp;maxlat=-66.5&amp;minlon=-135&amp;maxlon=-112.5</href><refreshInterval>600.0</refreshInterval><refreshMode>onRegion</refreshMode></Link></NetworkLink>
<NetworkLink><Region><LatLonAltBox><south>-78.25</south><north>-66.5</north><west>-112.5</west><east>-90</east></LatLonAltBox>
<Lod><minLodPixels>4096</minLodPixels><maxLodPixels>-1</maxLodPixels></Lod></Region>
<Link><href>http://www.marinetraffic.com/ais/getkml.aspx?minlat=-78.25&amp;maxlat=-66.5&amp;minlon=-112.5&amp;maxlon=-90</href><refreshInterval>600.0</refreshInterval><refreshMode>onRegion</refreshMode></Link></NetworkLink>
<NetworkLink><Region><LatLonAltBox><south>-78.25</south><north>-66.5</north><west>-90</west><east>-67.5</east></LatLonAltBox>
<Lod><minLodPixels>4096</minLodPixels><maxLodPixels>-1</maxLodPixels></Lod></Region>
<Link><href>http://www.marinetraffic.com/ais/getkml.aspx?minlat=-78.25&amp;maxlat=-66.5&amp;minlon=-90&amp;maxlon=-67.5</href><refreshInterval>600.0</refreshInterval><refreshMode>onRegion</refreshMode></Link></NetworkLink>
<NetworkLink><Region><LatLonAltBox><south>-78.25</south><north>-66.5</north><west>-67.5</west><east>-45</east></LatLonAltBox>
<Lod><minLodPixels>4096</minLodPixels><maxLodPixels>-1</maxLodPixels></Lod></Region>
<Link><href>http://www.marinetraffic.com/ais/getkml.aspx?minlat=-78.25&amp;maxlat=-66.5&amp;minlon=-67.5&amp;maxlon=-45</href><refreshInterval>600.0</refreshInterval><refreshMode>onRegion</refreshMode></Link></NetworkLink>
<NetworkLink><Region><LatLonAltBox><south>-78.25</south><north>-66.5</north><west>-45</west><east>-22.5</east></LatLonAltBox>
<Lod><minLodPixels>4096</minLodPixels><maxLodPixels>-1</maxLodPixels></Lod></Region>
<Link><href>http://www.marinetraffic.com/ais/getkml.aspx?minlat=-78.25&amp;maxlat=-66.5&amp;minlon=-45&amp;maxlon=-22.5</href><refreshInterval>600.0</refreshInterval><refreshMode>onRegion</refreshMode></Link></NetworkLink>
<NetworkLink><Region><LatLonAltBox><south>-78.25</south><north>-66.5</north><west>-22.5</west><east>0</east></LatLonAltBox>
<Lod><minLodPixels>4096</minLodPixels><maxLodPixels>-1</maxLodPixels></Lod></Region>
<Link><href>http://www.marinetraffic.com/ais/getkml.aspx?minlat=-78.25&amp;maxlat=-66.5&amp;minlon=-22.5&amp;maxlon=0</href><refreshInterval>600.0</refreshInterval><refreshMode>onRegion</refreshMode></Link></NetworkLink>
<NetworkLink><Region><LatLonAltBox><south>-78.25</south><north>-66.5</north><west>0</west><east>22.5</east></LatLonAltBox>
<Lod><minLodPixels>4096</minLodPixels><maxLodPixels>-1</maxLodPixels></Lod></Region>
<Link><href>http://www.marinetraffic.com/ais/getkml.aspx?minlat=-78.25&amp;maxlat=-66.5&amp;minlon=0&amp;maxlon=22.5</href><refreshInterval>600.0</refreshInterval><refreshMode>onRegion</refreshMode></Link></NetworkLink>
<NetworkLink><Region><LatLonAltBox><south>-78.25</south><north>-66.5</north><west>22.5</west><east>45</east></LatLonAltBox>
<Lod><minLodPixels>4096</minLodPixels><maxLodPixels>-1</maxLodPixels></Lod></Region>
<Link><href>http://www.marinetraffic.com/ais/getkml.aspx?minlat=-78.25&amp;maxlat=-66.5&amp;minlon=22.5&amp;maxlon=45</href><refreshInterval>600.0</refreshInterval><refreshMode>onRegion</refreshMode></Link></NetworkLink>
<NetworkLink><Region><LatLonAltBox><south>-78.25</south><north>-66.5</north><west>45</west><east>67.5</east></LatLonAltBox>
<Lod><minLodPixels>4096</minLodPixels><maxLodPixels>-1</maxLodPixels></Lod></Region>
<Link><href>http://www.marinetraffic.com/ais/getkml.aspx?minlat=-78.25&amp;maxlat=-66.5&amp;minlon=45&amp;maxlon=67.5</href><refreshInterval>600.0</refreshInterval><refreshMode>onRegion</refreshMode></Link></NetworkLink>
<NetworkLink><Region><LatLonAltBox><south>-78.25</south><north>-66.5</north><west>67.5</west><east>90</east></LatLonAltBox>
<Lod><minLodPixels>4096</minLodPixels><maxLodPixels>-1</maxLodPixels></Lod></Region>
<Link><href>http://www.marinetraffic.com/ais/getkml.aspx?minlat=-78.25&amp;maxlat=-66.5&amp;minlon=67.5&amp;maxlon=90</href><refreshInterval>600.0</refreshInterval><refreshMode>onRegion</refreshMode></Link></NetworkLink>
<NetworkLink><Region><LatLonAltBox><south>-78.25</south><north>-66.5</north><west>90</west><east>112.5</east></LatLonAltBox>
<Lod><minLodPixels>4096</minLodPixels><maxLodPixels>-1</maxLodPixels></Lod></Region>
<Link><href>http://www.marinetraffic.com/ais/getkml.aspx?minlat=-78.25&amp;maxlat=-66.5&amp;minlon=90&amp;maxlon=112.5</href><refreshInterval>600.0</refreshInterval><refreshMode>onRegion</refreshMode></Link></NetworkLink>
<NetworkLink><Region><LatLonAltBox><south>-78.25</south><north>-66.5</north><west>112.5</west><east>135</east></LatLonAltBox>
<Lod><minLodPixels>4096</minLodPixels><maxLodPixels>-1</maxLodPixels></Lod></Region>
<Link><href>http://www.marinetraffic.com/ais/getkml.aspx?minlat=-78.25&amp;maxlat=-66.5&amp;minlon=112.5&amp;maxlon=135</href><refreshInterval>600.0</refreshInterval><refreshMode>onRegion</refreshMode></Link></NetworkLink>
<NetworkLink><Region><LatLonAltBox><south>-78.25</south><north>-66.5</north><west>135</west><east>157.5</east></LatLonAltBox>
<Lod><minLodPixels>4096</minLodPixels><maxLodPixels>-1</maxLodPixels></Lod></Region>
<Link><href>http://www.marinetraffic.com/ais/getkml.aspx?minlat=-78.25&amp;maxlat=-66.5&amp;minlon=135&amp;maxlon=157.5</href><refreshInterval>600.0</refreshInterval><refreshMode>onRegion</refreshMode></Link></NetworkLink>
<NetworkLink><Region><LatLonAltBox><south>-78.25</south><north>-66.5</north><west>157.5</west><east>180</east></LatLonAltBox>
<Lod><minLodPixels>4096</minLodPixels><maxLodPixels>-1</maxLodPixels></Lod></Region>
<Link><href>http://www.marinetraffic.com/ais/getkml.aspx?minlat=-78.25&amp;maxlat=-66.5&amp;minlon=157.5&amp;maxlon=180</href><refreshInterval>600.0</refreshInterval><refreshMode>onRegion</refreshMode></Link></NetworkLink>
<NetworkLink><Region><LatLonAltBox><south>-66.5</south><north>-54.75</north><west>-180</west><east>-157.5</east></LatLonAltBox>
<Lod><minLodPixels>4096</minLodPixels><maxLodPixels>-1</maxLodPixels></Lod></Region>
<Link><href>http://www.marinetraffic.com/ais/getkml.aspx?minlat=-66.5&amp;maxlat=-54.75&amp;minlon=-180&amp;maxlon=-157.5</href><refreshInterval>600.0</refreshInterval><refreshMode>onRegion</refreshMode></Link></NetworkLink>
<NetworkLink><Region><LatLonAltBox><south>-66.5</south><north>-54.75</north><west>-157.5</west><east>-135</east></LatLonAltBox>
<Lod><minLodPixels>4096</minLodPixels><maxLodPixels>-1</maxLodPixels></Lod></Region>
<Link><href>http://www.marinetraffic.com/ais/getkml.aspx?minlat=-66.5&amp;maxlat=-54.75&amp;minlon=-157.5&amp;maxlon=-135</href><refreshInterval>600.0</refreshInterval><refreshMode>onRegion</refreshMode></Link></NetworkLink>
<NetworkLink><Region><LatLonAltBox><south>-66.5</south><north>-54.75</north><west>-135</west><east>-112.5</east></LatLonAltBox>
<Lod><minLodPixels>4096</minLodPixels><maxLodPixels>-1</maxLodPixels></Lod></Region>
<Link><href>http://www.marinetraffic.com/ais/getkml.aspx?minlat=-66.5&amp;maxlat=-54.75&amp;minlon=-135&amp;maxlon=-112.5</href><refreshInterval>600.0</refreshInterval><refreshMode>onRegion</refreshMode></Link></NetworkLink>
<NetworkLink><Region><LatLonAltBox><south>-66.5</south><north>-54.75</north><west>-112.5</west><east>-90</east></LatLonAltBox>
<Lod><minLodPixels>4096</minLodPixels><maxLodPixels>-1</maxLodPixels></Lod></Region>
<Link><href>http://www.marinetraffic.com/ais/getkml.aspx?minlat=-66.5&amp;maxlat=-54.75&amp;minlon=-112.5&amp;maxlon=-90</href><refreshInterval>600.0</refreshInterval><refreshMode>onRegion</refreshMode></Link></NetworkLink>
<NetworkLink><Region><LatLonAltBox><south>-66.5</south><north>-54.75</north><west>-90</west><east>-67.5</east></LatLonAltBox>
<Lod><minLodPixels>4096</minLodPixels><maxLodPixels>-1</maxLodPixels></Lod></Region>
<Link><href>http://www.marinetraffic.com/ais/getkml.aspx?minlat=-66.5&amp;maxlat=-54.75&amp;minlon=-90&amp;maxlon=-67.5</href><refreshInterval>600.0</refreshInterval><refreshMode>onRegion</refreshMode></Link></NetworkLink>
<NetworkLink><Region><LatLonAltBox><south>-66.5</south><north>-54.75</north><west>-67.5</west><east>-45</east></LatLonAltBox>
<Lod><minLodPixels>4096</minLodPixels><maxLodPixels>-1</maxLodPixels></Lod></Region>
<Link><href>http://www.marinetraffic.com/ais/getkml.aspx?minlat=-66.5&amp;maxlat=-54.75&amp;minlon=-67.5&amp;maxlon=-45</href><refreshInterval>600.0</refreshInterval><refreshMode>onRegion</refreshMode></Link></NetworkLink>
<NetworkLink><Region><LatLonAltBox><south>-66.5</south><north>-54.75</north><west>-45</west><east>-22.5</east></LatLonAltBox>
<Lod><minLodPixels>4096</minLodPixels><maxLodPixels>-1</maxLodPixels></Lod></Region>
<Link><href>http://www.marinetraffic.com/ais/getkml.aspx?minlat=-66.5&amp;maxlat=-54.75&amp;minlon=-45&amp;maxlon=-22.5</href><refreshInterval>600.0</refreshInterval><refreshMode>onRegion</refreshMode></Link></NetworkLink>
<NetworkLink><Region><LatLonAltBox><south>-66.5</south><north>-54.75</north><west>-22.5</west><east>0</east></LatLonAltBox>
<Lod><minLodPixels>4096</minLodPixels><maxLodPixels>-1</maxLodPixels></Lod></Region>
<Link><href>http://www.marinetraffic.com/ais/getkml.aspx?minlat=-66.5&amp;maxlat=-54.75&amp;minlon=-22.5&amp;maxlon=0</href><refreshInterval>600.0</refreshInterval><refreshMode>onRegion</refreshMode></Link></NetworkLink>
<NetworkLink><Region><LatLonAltBox><south>-66.5</south><north>-54.75</north><west>0</west><east>22.5</east></LatLonAltBox>
<Lod><minLodPixels>4096</minLodPixels><maxLodPixels>-1</maxLodPixels></Lod></Region>
<Link><href>http://www.marinetraffic.com/ais/getkml.aspx?minlat=-66.5&amp;maxlat=-54.75&amp;minlon=0&amp;maxlon=22.5</href><refreshInterval>600.0</refreshInterval><refreshMode>onRegion</refreshMode></Link></NetworkLink>
<NetworkLink><Region><LatLonAltBox><south>-66.5</south><north>-54.75</north><west>22.5</west><east>45</east></LatLonAltBox>
<Lod><minLodPixels>4096</minLodPixels><maxLodPixels>-1</maxLodPixels></Lod></Region>
<Link><href>http://www.marinetraffic.com/ais/getkml.aspx?minlat=-66.5&amp;maxlat=-54.75&amp;minlon=22.5&amp;maxlon=45</href><refreshInterval>600.0</refreshInterval><refreshMode>onRegion</refreshMode></Link></NetworkLink>
<NetworkLink><Region><LatLonAltBox><south>-66.5</south><north>-54.75</north><west>45</west><east>67.5</east></LatLonAltBox>
<Lod><minLodPixels>4096</minLodPixels><maxLodPixels>-1</maxLodPixels></Lod></Region>
<Link><href>http://www.marinetraffic.com/ais/getkml.aspx?minlat=-66.5&amp;maxlat=-54.75&amp;minlon=45&amp;maxlon=67.5</href><refreshInterval>600.0</refreshInterval><refreshMode>onRegion</refreshMode></Link></NetworkLink>
<NetworkLink><Region><LatLonAltBox><south>-66.5</south><north>-54.75</north><west>67.5</west><east>90</east></LatLonAltBox>
<Lod><minLodPixels>4096</minLodPixels><maxLodPixels>-1</maxLodPixels></Lod></Region>
<Link><href>http://www.marinetraffic.com/ais/getkml.aspx?minlat=-66.5&amp;maxlat=-54.75&amp;minlon=67.5&amp;maxlon=90</href><refreshInterval>600.0</refreshInterval><refreshMode>onRegion</refreshMode></Link></NetworkLink>
<NetworkLink><Region><LatLonAltBox><south>-66.5</south><north>-54.75</north><west>90</west><east>112.5</east></LatLonAltBox>
<Lod><minLodPixels>4096</minLodPixels><maxLodPixels>-1</maxLodPixels></Lod></Region>
<Link><href>http://www.marinetraffic.com/ais/getkml.aspx?minlat=-66.5&amp;maxlat=-54.75&amp;minlon=90&amp;maxlon=112.5</href><refreshInterval>600.0</refreshInterval><refreshMode>onRegion</refreshMode></Link></NetworkLink>
<NetworkLink><Region><LatLonAltBox><south>-66.5</south><north>-54.75</north><west>112.5</west><east>135</east></LatLonAltBox>
<Lod><minLodPixels>4096</minLodPixels><maxLodPixels>-1</maxLodPixels></Lod></Region>
<Link><href>http://www.marinetraffic.com/ais/getkml.aspx?minlat=-66.5&amp;maxlat=-54.75&amp;minlon=112.5&amp;maxlon=135</href><refreshInterval>600.0</refreshInterval><refreshMode>onRegion</refreshMode></Link></NetworkLink>
<NetworkLink><Region><LatLonAltBox><south>-66.5</south><north>-54.75</north><west>135</west><east>157.5</east></LatLonAltBox>
<Lod><minLodPixels>4096</minLodPixels><maxLodPixels>-1</maxLodPixels></Lod></Region>
<Link><href>http://www.marinetraffic.com/ais/getkml.aspx?minlat=-66.5&amp;maxlat=-54.75&amp;minlon=135&amp;maxlon=157.5</href><refreshInterval>600.0</refreshInterval><refreshMode>onRegion</refreshMode></Link></NetworkLink>
<NetworkLink><Region><LatLonAltBox><south>-66.5</south><north>-54.75</north><west>157.5</west><east>180</east></LatLonAltBox>
<Lod><minLodPixels>4096</minLodPixels><maxLodPixels>-1</maxLodPixels></Lod></Region>
<Link><href>http://www.marinetraffic.com/ais/getkml.aspx?minlat=-66.5&amp;maxlat=-54.75&amp;minlon=157.5&amp;maxlon=180</href><refreshInterval>600.0</refreshInterval><refreshMode>onRegion</refreshMode></Link></NetworkLink>
<NetworkLink><Region><LatLonAltBox><south>-54.75</south><north>-43</north><west>-180</west><east>-157.5</east></LatLonAltBox>
<Lod><minLodPixels>4096</minLodPixels><maxLodPixels>-1</maxLodPixels></Lod></Region>
<Link><href>http://www.marinetraffic.com/ais/getkml.aspx?minlat=-54.75&amp;maxlat=-43&amp;minlon=-180&amp;maxlon=-157.5</href><refreshInterval>600.0</refreshInterval><refreshMode>onRegion</refreshMode></Link></NetworkLink>
<NetworkLink><Region><LatLonAltBox><south>-54.75</south><north>-43</north><west>-157.5</west><east>-135</east></LatLonAltBox>
<Lod><minLodPixels>4096</minLodPixels><maxLodPixels>-1</maxLodPixels></Lod></Region>
<Link><href>http://www.marinetraffic.com/ais/getkml.aspx?minlat=-54.75&amp;maxlat=-43&amp;minlon=-157.5&amp;maxlon=-135</href><refreshInterval>600.0</refreshInterval><refreshMode>onRegion</refreshMode></Link></NetworkLink>
<NetworkLink><Region><LatLonAltBox><south>-54.75</south><north>-43</north><west>-135</west><east>-112.5</east></LatLonAltBox>
<Lod><minLodPixels>4096</minLodPixels><maxLodPixels>-1</maxLodPixels></Lod></Region>
<Link><href>http://www.marinetraffic.com/ais/getkml.aspx?minlat=-54.75&amp;maxlat=-43&amp;minlon=-135&amp;maxlon=-112.5</href><refreshInterval>600.0</refreshInterval><refreshMode>onRegion</refreshMode></Link></NetworkLink>
<NetworkLink><Region><LatLonAltBox><south>-54.75</south><north>-43</north><west>-112.5</west><east>-90</east></LatLonAltBox>
<Lod><minLodPixels>4096</minLodPixels><maxLodPixels>-1</maxLodPixels></Lod></Region>
<Link><href>http://www.marinetraffic.com/ais/getkml.aspx?minlat=-54.75&amp;maxlat=-43&amp;minlon=-112.5&amp;maxlon=-90</href><refreshInterval>600.0</refreshInterval><refreshMode>onRegion</refreshMode></Link></NetworkLink>
<NetworkLink><Region><LatLonAltBox><south>-54.75</south><north>-43</north><west>-90</west><east>-67.5</east></LatLonAltBox>
<Lod><minLodPixels>4096</minLodPixels><maxLodPixels>-1</maxLodPixels></Lod></Region>
<Link><href>http://www.marinetraffic.com/ais/getkml.aspx?minlat=-54.75&amp;maxlat=-43&amp;minlon=-90&amp;maxlon=-67.5</href><refreshInterval>600.0</refreshInterval><refreshMode>onRegion</refreshMode></Link></NetworkLink>
<NetworkLink><Region><LatLonAltBox><south>-54.75</south><north>-43</north><west>-67.5</west><east>-45</east></LatLonAltBox>
<Lod><minLodPixels>4096</minLodPixels><maxLodPixels>-1</maxLodPixels></Lod></Region>
<Link><href>http://www.marinetraffic.com/ais/getkml.aspx?minlat=-54.75&amp;maxlat=-43&amp;minlon=-67.5&amp;maxlon=-45</href><refreshInterval>600.0</refreshInterval><refreshMode>onRegion</refreshMode></Link></NetworkLink>
<NetworkLink><Region><LatLonAltBox><south>-54.75</south><north>-43</north><west>-45</west><east>-22.5</east></LatLonAltBox>
<Lod><minLodPixels>4096</minLodPixels><maxLodPixels>-1</maxLodPixels></Lod></Region>
<Link><href>http://www.marinetraffic.com/ais/getkml.aspx?minlat=-54.75&amp;maxlat=-43&amp;minlon=-45&amp;maxlon=-22.5</href><refreshInterval>600.0</refreshInterval><refreshMode>onRegion</refreshMode></Link></NetworkLink>
<NetworkLink><Region><LatLonAltBox><south>-54.75</south><north>-43</north><west>-22.5</west><east>0</east></LatLonAltBox>
<Lod><minLodPixels>4096</minLodPixels><maxLodPixels>-1</maxLodPixels></Lod></Region>
<Link><href>http://www.marinetraffic.com/ais/getkml.aspx?minlat=-54.75&amp;maxlat=-43&amp;minlon=-22.5&amp;maxlon=0</href><refreshInterval>600.0</refreshInterval><refreshMode>onRegion</refreshMode></Link></NetworkLink>
<NetworkLink><Region><LatLonAltBox><south>-54.75</south><north>-43</north><west>0</west><east>22.5</east></LatLonAltBox>
<Lod><minLodPixels>4096</minLodPixels><maxLodPixels>-1</maxLodPixels></Lod></Region>
<Link><href>http://www.marinetraffic.com/ais/getkml.aspx?minlat=-54.75&amp;maxlat=-43&amp;minlon=0&amp;maxlon=22.5</href><refreshInterval>600.0</refreshInterval><refreshMode>onRegion</refreshMode></Link></NetworkLink>
<NetworkLink><Region><LatLonAltBox><south>-54.75</south><north>-43</north><west>22.5</west><east>45</east></LatLonAltBox>
<Lod><minLodPixels>4096</minLodPixels><maxLodPixels>-1</maxLodPixels></Lod></Region>
<Link><href>http://www.marinetraffic.com/ais/getkml.aspx?minlat=-54.75&amp;maxlat=-43&amp;minlon=22.5&amp;maxlon=45</href><refreshInterval>600.0</refreshInterval><refreshMode>onRegion</refreshMode></Link></NetworkLink>
<NetworkLink><Region><LatLonAltBox><south>-54.75</south><north>-43</north><west>45</west><east>67.5</east></LatLonAltBox>
<Lod><minLodPixels>4096</minLodPixels><maxLodPixels>-1</maxLodPixels></Lod></Region>
<Link><href>http://www.marinetraffic.com/ais/getkml.aspx?minlat=-54.75&amp;maxlat=-43&amp;minlon=45&amp;maxlon=67.5</href><refreshInterval>600.0</refreshInterval><refreshMode>onRegion</refreshMode></Link></NetworkLink>
<NetworkLink><Region><LatLonAltBox><south>-54.75</south><north>-43</north><west>67.5</west><east>90</east></LatLonAltBox>
<Lod><minLodPixels>4096</minLodPixels><maxLodPixels>-1</maxLodPixels></Lod></Region>
<Link><href>http://www.marinetraffic.com/ais/getkml.aspx?minlat=-54.75&amp;maxlat=-43&amp;minlon=67.5&amp;maxlon=90</href><refreshInterval>600.0</refreshInterval><refreshMode>onRegion</refreshMode></Link></NetworkLink>
<NetworkLink><Region><LatLonAltBox><south>-54.75</south><north>-43</north><west>90</west><east>112.5</east></LatLonAltBox>
<Lod><minLodPixels>4096</minLodPixels><maxLodPixels>-1</maxLodPixels></Lod></Region>
<Link><href>http://www.marinetraffic.com/ais/getkml.aspx?minlat=-54.75&amp;maxlat=-43&amp;minlon=90&amp;maxlon=112.5</href><refreshInterval>600.0</refreshInterval><refreshMode>onRegion</refreshMode></Link></NetworkLink>
<NetworkLink><Region><LatLonAltBox><south>-54.75</south><north>-43</north><west>112.5</west><east>135</east></LatLonAltBox>
<Lod><minLodPixels>4096</minLodPixels><maxLodPixels>-1</maxLodPixels></Lod></Region>
<Link><href>http://www.marinetraffic.com/ais/getkml.aspx?minlat=-54.75&amp;maxlat=-43&amp;minlon=112.5&amp;maxlon=135</href><refreshInterval>600.0</refreshInterval><refreshMode>onRegion</refreshMode></Link></NetworkLink>
<NetworkLink><Region><LatLonAltBox><south>-54.75</south><north>-43</north><west>135</west><east>157.5</east></LatLonAltBox>
<Lod><minLodPixels>4096</minLodPixels><maxLodPixels>-1</maxLodPixels></Lod></Region>
<Link><href>http://www.marinetraffic.com/ais/getkml.aspx?minlat=-54.75&amp;maxlat=-43&amp;minlon=135&amp;maxlon=157.5</href><refreshInterval>600.0</refreshInterval><refreshMode>onRegion</refreshMode></Link></NetworkLink>
<NetworkLink><Region><LatLonAltBox><south>-54.75</south><north>-43</north><west>157.5</west><east>180</east></LatLonAltBox>
<Lod><minLodPixels>4096</minLodPixels><maxLodPixels>-1</maxLodPixels></Lod></Region>
<Link><href>http://www.marinetraffic.com/ais/getkml.aspx?minlat=-54.75&amp;maxlat=-43&amp;minlon=157.5&amp;maxlon=180</href><refreshInterval>600.0</refreshInterval><refreshMode>onRegion</refreshMode></Link></NetworkLink>
<NetworkLink><Region><LatLonAltBox><south>-43</south><north>-31.25</north><west>-180</west><east>-157.5</east></LatLonAltBox>
<Lod><minLodPixels>4096</minLodPixels><maxLodPixels>-1</maxLodPixels></Lod></Region>
<Link><href>http://www.marinetraffic.com/ais/getkml.aspx?minlat=-43&amp;maxlat=-31.25&amp;minlon=-180&amp;maxlon=-157.5</href><refreshInterval>600.0</refreshInterval><refreshMode>onRegion</refreshMode></Link></NetworkLink>
<NetworkLink><Region><LatLonAltBox><south>-43</south><north>-31.25</north><west>-157.5</west><east>-135</east></LatLonAltBox>
<Lod><minLodPixels>4096</minLodPixels><maxLodPixels>-1</maxLodPixels></Lod></Region>
<Link><href>http://www.marinetraffic.com/ais/getkml.aspx?minlat=-43&amp;maxlat=-31.25&amp;minlon=-157.5&amp;maxlon=-135</href><refreshInterval>600.0</refreshInterval><refreshMode>onRegion</refreshMode></Link></NetworkLink>
<NetworkLink><Region><LatLonAltBox><south>-43</south><north>-31.25</north><west>-135</west><east>-112.5</east></LatLonAltBox>
<Lod><minLodPixels>4096</minLodPixels><maxLodPixels>-1</maxLodPixels></Lod></Region>
<Link><href>http://www.marinetraffic.com/ais/getkml.aspx?minlat=-43&amp;maxlat=-31.25&amp;minlon=-135&amp;maxlon=-112.5</href><refreshInterval>600.0</refreshInterval><refreshMode>onRegion</refreshMode></Link></NetworkLink>
<NetworkLink><Region><LatLonAltBox><south>-43</south><north>-31.25</north><west>-112.5</west><east>-90</east></LatLonAltBox>
<Lod><minLodPixels>4096</minLodPixels><maxLodPixels>-1</maxLodPixels></Lod></Region>
<Link><href>http://www.marinetraffic.com/ais/getkml.aspx?minlat=-43&amp;maxlat=-31.25&amp;minlon=-112.5&amp;maxlon=-90</href><refreshInterval>600.0</refreshInterval><refreshMode>onRegion</refreshMode></Link></NetworkLink>
<NetworkLink><Region><LatLonAltBox><south>-43</south><north>-31.25</north><west>-90</west><east>-67.5</east></LatLonAltBox>
<Lod><minLodPixels>4096</minLodPixels><maxLodPixels>-1</maxLodPixels></Lod></Region>
<Link><href>http://www.marinetraffic.com/ais/getkml.aspx?minlat=-43&amp;maxlat=-31.25&amp;minlon=-90&amp;maxlon=-67.5</href><refreshInterval>600.0</refreshInterval><refreshMode>onRegion</refreshMode></Link></NetworkLink>
<NetworkLink><Region><LatLonAltBox><south>-43</south><north>-31.25</north><west>-67.5</west><east>-45</east></LatLonAltBox>
<Lod><minLodPixels>4096</minLodPixels><maxLodPixels>-1</maxLodPixels></Lod></Region>
<Link><href>http://www.marinetraffic.com/ais/getkml.aspx?minlat=-43&amp;maxlat=-31.25&amp;minlon=-67.5&amp;maxlon=-45</href><refreshInterval>600.0</refreshInterval><refreshMode>onRegion</refreshMode></Link></NetworkLink>
<NetworkLink><Region><LatLonAltBox><south>-43</south><north>-31.25</north><west>-45</west><east>-22.5</east></LatLonAltBox>
<Lod><minLodPixels>4096</minLodPixels><maxLodPixels>-1</maxLodPixels></Lod></Region>
<Link><href>http://www.marinetraffic.com/ais/getkml.aspx?minlat=-43&amp;maxlat=-31.25&amp;minlon=-45&amp;maxlon=-22.5</href><refreshInterval>600.0</refreshInterval><refreshMode>onRegion</refreshMode></Link></NetworkLink>
<NetworkLink><Region><LatLonAltBox><south>-43</south><north>-31.25</north><west>-22.5</west><east>0</east></LatLonAltBox>
<Lod><minLodPixels>4096</minLodPixels><maxLodPixels>-1</maxLodPixels></Lod></Region>
<Link><href>http://www.marinetraffic.com/ais/getkml.aspx?minlat=-43&amp;maxlat=-31.25&amp;minlon=-22.5&amp;maxlon=0</href><refreshInterval>600.0</refreshInterval><refreshMode>onRegion</refreshMode></Link></NetworkLink>
<NetworkLink><Region><LatLonAltBox><south>-43</south><north>-31.25</north><west>0</west><east>22.5</east></LatLonAltBox>
<Lod><minLodPixels>4096</minLodPixels><maxLodPixels>-1</maxLodPixels></Lod></Region>
<Link><href>http://www.marinetraffic.com/ais/getkml.aspx?minlat=-43&amp;maxlat=-31.25&amp;minlon=0&amp;maxlon=22.5</href><refreshInterval>600.0</refreshInterval><refreshMode>onRegion</refreshMode></Link></NetworkLink>
<NetworkLink><Region><LatLonAltBox><south>-43</south><north>-31.25</north><west>22.5</west><east>45</east></LatLonAltBox>
<Lod><minLodPixels>4096</minLodPixels><maxLodPixels>-1</maxLodPixels></Lod></Region>
<Link><href>http://www.marinetraffic.com/ais/getkml.aspx?minlat=-43&amp;maxlat=-31.25&amp;minlon=22.5&amp;maxlon=45</href><refreshInterval>600.0</refreshInterval><refreshMode>onRegion</refreshMode></Link></NetworkLink>
<NetworkLink><Region><LatLonAltBox><south>-43</south><north>-31.25</north><west>45</west><east>67.5</east></LatLonAltBox>
<Lod><minLodPixels>4096</minLodPixels><maxLodPixels>-1</maxLodPixels></Lod></Region>
<Link><href>http://www.marinetraffic.com/ais/getkml.aspx?minlat=-43&amp;maxlat=-31.25&amp;minlon=45&amp;maxlon=67.5</href><refreshInterval>600.0</refreshInterval><refreshMode>onRegion</refreshMode></Link></NetworkLink>
<NetworkLink><Region><LatLonAltBox><south>-43</south><north>-31.25</north><west>67.5</west><east>90</east></LatLonAltBox>
<Lod><minLodPixels>4096</minLodPixels><maxLodPixels>-1</maxLodPixels></Lod></Region>
<Link><href>http://www.marinetraffic.com/ais/getkml.aspx?minlat=-43&amp;maxlat=-31.25&amp;minlon=67.5&amp;maxlon=90</href><refreshInterval>600.0</refreshInterval><refreshMode>onRegion</refreshMode></Link></NetworkLink>
<NetworkLink><Region><LatLonAltBox><south>-43</south><north>-31.25</north><west>90</west><east>112.5</east></LatLonAltBox>
<Lod><minLodPixels>4096</minLodPixels><maxLodPixels>-1</maxLodPixels></Lod></Region>
<Link><href>http://www.marinetraffic.com/ais/getkml.aspx?minlat=-43&amp;maxlat=-31.25&amp;minlon=90&amp;maxlon=112.5</href><refreshInterval>600.0</refreshInterval><refreshMode>onRegion</refreshMode></Link></NetworkLink>
<NetworkLink><Region><LatLonAltBox><south>-43</south><north>-31.25</north><west>112.5</west><east>135</east></LatLonAltBox>
<Lod><minLodPixels>4096</minLodPixels><maxLodPixels>-1</maxLodPixels></Lod></Region>
<Link><href>http://www.marinetraffic.com/ais/getkml.aspx?minlat=-43&amp;maxlat=-31.25&amp;minlon=112.5&amp;maxlon=135</href><refreshInterval>600.0</refreshInterval><refreshMode>onRegion</refreshMode></Link></NetworkLink>
<NetworkLink><Region><LatLonAltBox><south>-43</south><north>-31.25</north><west>135</west><east>157.5</east></LatLonAltBox>
<Lod><minLodPixels>4096</minLodPixels><maxLodPixels>-1</maxLodPixels></Lod></Region>
<Link><href>http://www.marinetraffic.com/ais/getkml.aspx?minlat=-43&amp;maxlat=-31.25&amp;minlon=135&amp;maxlon=157.5</href><refreshInterval>600.0</refreshInterval><refreshMode>onRegion</refreshMode></Link></NetworkLink>
<NetworkLink><Region><LatLonAltBox><south>-43</south><north>-31.25</north><west>157.5</west><east>180</east></LatLonAltBox>
<Lod><minLodPixels>4096</minLodPixels><maxLodPixels>-1</maxLodPixels></Lod></Region>
<Link><href>http://www.marinetraffic.com/ais/getkml.aspx?minlat=-43&amp;maxlat=-31.25&amp;minlon=157.5&amp;maxlon=180</href><refreshInterval>600.0</refreshInterval><refreshMode>onRegion</refreshMode></Link></NetworkLink>
<NetworkLink><Region><LatLonAltBox><south>-31.25</south><north>-19.5</north><west>-180</west><east>-157.5</east></LatLonAltBox>
<Lod><minLodPixels>4096</minLodPixels><maxLodPixels>-1</maxLodPixels></Lod></Region>
<Link><href>http://www.marinetraffic.com/ais/getkml.aspx?minlat=-31.25&amp;maxlat=-19.5&amp;minlon=-180&amp;maxlon=-157.5</href><refreshInterval>600.0</refreshInterval><refreshMode>onRegion</refreshMode></Link></NetworkLink>
<NetworkLink><Region><LatLonAltBox><south>-31.25</south><north>-19.5</north><west>-157.5</west><east>-135</east></LatLonAltBox>
<Lod><minLodPixels>4096</minLodPixels><maxLodPixels>-1</maxLodPixels></Lod></Region>
<Link><href>http://www.marinetraffic.com/ais/getkml.aspx?minlat=-31.25&amp;maxlat=-19.5&amp;minlon=-157.5&amp;maxlon=-135</href><refreshInterval>600.0</refreshInterval><refreshMode>onRegion</refreshMode></Link></NetworkLink>
<NetworkLink><Region><LatLonAltBox><south>-31.25</south><north>-19.5</north><west>-135</west><east>-112.5</east></LatLonAltBox>
<Lod><minLodPixels>4096</minLodPixels><maxLodPixels>-1</maxLodPixels></Lod></Region>
<Link><href>http://www.marinetraffic.com/ais/getkml.aspx?minlat=-31.25&amp;maxlat=-19.5&amp;minlon=-135&amp;maxlon=-112.5</href><refreshInterval>600.0</refreshInterval><refreshMode>onRegion</refreshMode></Link></NetworkLink>
<NetworkLink><Region><LatLonAltBox><south>-31.25</south><north>-19.5</north><west>-112.5</west><east>-90</east></LatLonAltBox>
<Lod><minLodPixels>4096</minLodPixels><maxLodPixels>-1</maxLodPixels></Lod></Region>
<Link><href>http://www.marinetraffic.com/ais/getkml.aspx?minlat=-31.25&amp;maxlat=-19.5&amp;minlon=-112.5&amp;maxlon=-90</href><refreshInterval>600.0</refreshInterval><refreshMode>onRegion</refreshMode></Link></NetworkLink>
<NetworkLink><Region><LatLonAltBox><south>-31.25</south><north>-19.5</north><west>-90</west><east>-67.5</east></LatLonAltBox>
<Lod><minLodPixels>4096</minLodPixels><maxLodPixels>-1</maxLodPixels></Lod></Region>
<Link><href>http://www.marinetraffic.com/ais/getkml.aspx?minlat=-31.25&amp;maxlat=-19.5&amp;minlon=-90&amp;maxlon=-67.5</href><refreshInterval>600.0</refreshInterval><refreshMode>onRegion</refreshMode></Link></NetworkLink>
<NetworkLink><Region><LatLonAltBox><south>-31.25</south><north>-19.5</north><west>-67.5</west><east>-45</east></LatLonAltBox>
<Lod><minLodPixels>4096</minLodPixels><maxLodPixels>-1</maxLodPixels></Lod></Region>
<Link><href>http://www.marinetraffic.com/ais/getkml.aspx?minlat=-31.25&amp;maxlat=-19.5&amp;minlon=-67.5&amp;maxlon=-45</href><refreshInterval>600.0</refreshInterval><refreshMode>onRegion</refreshMode></Link></NetworkLink>
<NetworkLink><Region><LatLonAltBox><south>-31.25</south><north>-19.5</north><west>-45</west><east>-22.5</east></LatLonAltBox>
<Lod><minLodPixels>4096</minLodPixels><maxLodPixels>-1</maxLodPixels></Lod></Region>
<Link><href>http://www.marinetraffic.com/ais/getkml.aspx?minlat=-31.25&amp;maxlat=-19.5&amp;minlon=-45&amp;maxlon=-22.5</href><refreshInterval>600.0</refreshInterval><refreshMode>onRegion</refreshMode></Link></NetworkLink>
<NetworkLink><Region><LatLonAltBox><south>-31.25</south><north>-19.5</north><west>-22.5</west><east>0</east></LatLonAltBox>
<Lod><minLodPixels>4096</minLodPixels><maxLodPixels>-1</maxLodPixels></Lod></Region>
<Link><href>http://www.marinetraffic.com/ais/getkml.aspx?minlat=-31.25&amp;maxlat=-19.5&amp;minlon=-22.5&amp;maxlon=0</href><refreshInterval>600.0</refreshInterval><refreshMode>onRegion</refreshMode></Link></NetworkLink>
<NetworkLink><Region><LatLonAltBox><south>-31.25</south><north>-19.5</north><west>0</west><east>22.5</east></LatLonAltBox>
<Lod><minLodPixels>4096</minLodPixels><maxLodPixels>-1</maxLodPixels></Lod></Region>
<Link><href>http://www.marinetraffic.com/ais/getkml.aspx?minlat=-31.25&amp;maxlat=-19.5&amp;minlon=0&amp;maxlon=22.5</href><refreshInterval>600.0</refreshInterval><refreshMode>onRegion</refreshMode></Link></NetworkLink>
<NetworkLink><Region><LatLonAltBox><south>-31.25</south><north>-19.5</north><west>22.5</west><east>45</east></LatLonAltBox>
<Lod><minLodPixels>4096</minLodPixels><maxLodPixels>-1</maxLodPixels></Lod></Region>
<Link><href>http://www.marinetraffic.com/ais/getkml.aspx?minlat=-31.25&amp;maxlat=-19.5&amp;minlon=22.5&amp;maxlon=45</href><refreshInterval>600.0</refreshInterval><refreshMode>onRegion</refreshMode></Link></NetworkLink>
<NetworkLink><Region><LatLonAltBox><south>-31.25</south><north>-19.5</north><west>45</west><east>67.5</east></LatLonAltBox>
<Lod><minLodPixels>4096</minLodPixels><maxLodPixels>-1</maxLodPixels></Lod></Region>
<Link><href>http://www.marinetraffic.com/ais/getkml.aspx?minlat=-31.25&amp;maxlat=-19.5&amp;minlon=45&amp;maxlon=67.5</href><refreshInterval>600.0</refreshInterval><refreshMode>onRegion</refreshMode></Link></NetworkLink>
<NetworkLink><Region><LatLonAltBox><south>-31.25</south><north>-19.5</north><west>67.5</west><east>90</east></LatLonAltBox>
<Lod><minLodPixels>4096</minLodPixels><maxLodPixels>-1</maxLodPixels></Lod></Region>
<Link><href>http://www.marinetraffic.com/ais/getkml.aspx?minlat=-31.25&amp;maxlat=-19.5&amp;minlon=67.5&amp;maxlon=90</href><refreshInterval>600.0</refreshInterval><refreshMode>onRegion</refreshMode></Link></NetworkLink>
<NetworkLink><Region><LatLonAltBox><south>-31.25</south><north>-19.5</north><west>90</west><east>112.5</east></LatLonAltBox>
<Lod><minLodPixels>4096</minLodPixels><maxLodPixels>-1</maxLodPixels></Lod></Region>
<Link><href>http://www.marinetraffic.com/ais/getkml.aspx?minlat=-31.25&amp;maxlat=-19.5&amp;minlon=90&amp;maxlon=112.5</href><refreshInterval>600.0</refreshInterval><refreshMode>onRegion</refreshMode></Link></NetworkLink>
<NetworkLink><Region><LatLonAltBox><south>-31.25</south><north>-19.5</north><west>112.5</west><east>135</east></LatLonAltBox>
<Lod><minLodPixels>4096</minLodPixels><maxLodPixels>-1</maxLodPixels></Lod></Region>
<Link><href>http://www.marinetraffic.com/ais/getkml.aspx?minlat=-31.25&amp;maxlat=-19.5&amp;minlon=112.5&amp;maxlon=135</href><refreshInterval>600.0</refreshInterval><refreshMode>onRegion</refreshMode></Link></NetworkLink>
<NetworkLink><Region><LatLonAltBox><south>-31.25</south><north>-19.5</north><west>135</west><east>157.5</east></LatLonAltBox>
<Lod><minLodPixels>4096</minLodPixels><maxLodPixels>-1</maxLodPixels></Lod></Region>
<Link><href>http://www.marinetraffic.com/ais/getkml.aspx?minlat=-31.25&amp;maxlat=-19.5&amp;minlon=135&amp;maxlon=157.5</href><refreshInterval>600.0</refreshInterval><refreshMode>onRegion</refreshMode></Link></NetworkLink>
<NetworkLink><Region><LatLonAltBox><south>-31.25</south><north>-19.5</north><west>157.5</west><east>180</east></LatLonAltBox>
<Lod><minLodPixels>4096</minLodPixels><maxLodPixels>-1</maxLodPixels></Lod></Region>
<Link><href>http://www.marinetraffic.com/ais/getkml.aspx?minlat=-31.25&amp;maxlat=-19.5&amp;minlon=157.5&amp;maxlon=180</href><refreshInterval>600.0</refreshInterval><refreshMode>onRegion</refreshMode></Link></NetworkLink>
<NetworkLink><Region><LatLonAltBox><south>-19.5</south><north>-7.75</north><west>-180</west><east>-157.5</east></LatLonAltBox>
<Lod><minLodPixels>4096</minLodPixels><maxLodPixels>-1</maxLodPixels></Lod></Region>
<Link><href>http://www.marinetraffic.com/ais/getkml.aspx?minlat=-19.5&amp;maxlat=-7.75&amp;minlon=-180&amp;maxlon=-157.5</href><refreshInterval>600.0</refreshInterval><refreshMode>onRegion</refreshMode></Link></NetworkLink>
<NetworkLink><Region><LatLonAltBox><south>-19.5</south><north>-7.75</north><west>-157.5</west><east>-135</east></LatLonAltBox>
<Lod><minLodPixels>4096</minLodPixels><maxLodPixels>-1</maxLodPixels></Lod></Region>
<Link><href>http://www.marinetraffic.com/ais/getkml.aspx?minlat=-19.5&amp;maxlat=-7.75&amp;minlon=-157.5&amp;maxlon=-135</href><refreshInterval>600.0</refreshInterval><refreshMode>onRegion</refreshMode></Link></NetworkLink>
<NetworkLink><Region><LatLonAltBox><south>-19.5</south><north>-7.75</north><west>-135</west><east>-112.5</east></LatLonAltBox>
<Lod><minLodPixels>4096</minLodPixels><maxLodPixels>-1</maxLodPixels></Lod></Region>
<Link><href>http://www.marinetraffic.com/ais/getkml.aspx?minlat=-19.5&amp;maxlat=-7.75&amp;minlon=-135&amp;maxlon=-112.5</href><refreshInterval>600.0</refreshInterval><refreshMode>onRegion</refreshMode></Link></NetworkLink>
<NetworkLink><Region><LatLonAltBox><south>-19.5</south><north>-7.75</north><west>-112.5</west><east>-90</east></LatLonAltBox>
<Lod><minLodPixels>4096</minLodPixels><maxLodPixels>-1</maxLodPixels></Lod></Region>
<Link><href>http://www.marinetraffic.com/ais/getkml.aspx?minlat=-19.5&amp;maxlat=-7.75&amp;minlon=-112.5&amp;maxlon=-90</href><refreshInterval>600.0</refreshInterval><refreshMode>onRegion</refreshMode></Link></NetworkLink>
<NetworkLink><Region><LatLonAltBox><south>-19.5</south><north>-7.75</north><west>-90</west><east>-67.5</east></LatLonAltBox>
<Lod><minLodPixels>4096</minLodPixels><maxLodPixels>-1</maxLodPixels></Lod></Region>
<Link><href>http://www.marinetraffic.com/ais/getkml.aspx?minlat=-19.5&amp;maxlat=-7.75&amp;minlon=-90&amp;maxlon=-67.5</href><refreshInterval>600.0</refreshInterval><refreshMode>onRegion</refreshMode></Link></NetworkLink>
<NetworkLink><Region><LatLonAltBox><south>-19.5</south><north>-7.75</north><west>-67.5</west><east>-45</east></LatLonAltBox>
<Lod><minLodPixels>4096</minLodPixels><maxLodPixels>-1</maxLodPixels></Lod></Region>
<Link><href>http://www.marinetraffic.com/ais/getkml.aspx?minlat=-19.5&amp;maxlat=-7.75&amp;minlon=-67.5&amp;maxlon=-45</href><refreshInterval>600.0</refreshInterval><refreshMode>onRegion</refreshMode></Link></NetworkLink>
<NetworkLink><Region><LatLonAltBox><south>-19.5</south><north>-7.75</north><west>-45</west><east>-22.5</east></LatLonAltBox>
<Lod><minLodPixels>4096</minLodPixels><maxLodPixels>-1</maxLodPixels></Lod></Region>
<Link><href>http://www.marinetraffic.com/ais/getkml.aspx?minlat=-19.5&amp;maxlat=-7.75&amp;minlon=-45&amp;maxlon=-22.5</href><refreshInterval>600.0</refreshInterval><refreshMode>onRegion</refreshMode></Link></NetworkLink>
<NetworkLink><Region><LatLonAltBox><south>-19.5</south><north>-7.75</north><west>-22.5</west><east>0</east></LatLonAltBox>
<Lod><minLodPixels>4096</minLodPixels><maxLodPixels>-1</maxLodPixels></Lod></Region>
<Link><href>http://www.marinetraffic.com/ais/getkml.aspx?minlat=-19.5&amp;maxlat=-7.75&amp;minlon=-22.5&amp;maxlon=0</href><refreshInterval>600.0</refreshInterval><refreshMode>onRegion</refreshMode></Link></NetworkLink>
<NetworkLink><Region><LatLonAltBox><south>-19.5</south><north>-7.75</north><west>0</west><east>22.5</east></LatLonAltBox>
<Lod><minLodPixels>4096</minLodPixels><maxLodPixels>-1</maxLodPixels></Lod></Region>
<Link><href>http://www.marinetraffic.com/ais/getkml.aspx?minlat=-19.5&amp;maxlat=-7.75&amp;minlon=0&amp;maxlon=22.5</href><refreshInterval>600.0</refreshInterval><refreshMode>onRegion</refreshMode></Link></NetworkLink>
<NetworkLink><Region><LatLonAltBox><south>-19.5</south><north>-7.75</north><west>22.5</west><east>45</east></LatLonAltBox>
<Lod><minLodPixels>4096</minLodPixels><maxLodPixels>-1</maxLodPixels></Lod></Region>
<Link><href>http://www.marinetraffic.com/ais/getkml.aspx?minlat=-19.5&amp;maxlat=-7.75&amp;minlon=22.5&amp;maxlon=45</href><refreshInterval>600.0</refreshInterval><refreshMode>onRegion</refreshMode></Link></NetworkLink>
<NetworkLink><Region><LatLonAltBox><south>-19.5</south><north>-7.75</north><west>45</west><east>67.5</east></LatLonAltBox>
<Lod><minLodPixels>4096</minLodPixels><maxLodPixels>-1</maxLodPixels></Lod></Region>
<Link><href>http://www.marinetraffic.com/ais/getkml.aspx?minlat=-19.5&amp;maxlat=-7.75&amp;minlon=45&amp;maxlon=67.5</href><refreshInterval>600.0</refreshInterval><refreshMode>onRegion</refreshMode></Link></NetworkLink>
<NetworkLink><Region><LatLonAltBox><south>-19.5</south><north>-7.75</north><west>67.5</west><east>90</east></LatLonAltBox>
<Lod><minLodPixels>4096</minLodPixels><maxLodPixels>-1</maxLodPixels></Lod></Region>
<Link><href>http://www.marinetraffic.com/ais/getkml.aspx?minlat=-19.5&amp;maxlat=-7.75&amp;minlon=67.5&amp;maxlon=90</href><refreshInterval>600.0</refreshInterval><refreshMode>onRegion</refreshMode></Link></NetworkLink>
<NetworkLink><Region><LatLonAltBox><south>-19.5</south><north>-7.75</north><west>90</west><east>112.5</east></LatLonAltBox>
<Lod><minLodPixels>4096</minLodPixels><maxLodPixels>-1</maxLodPixels></Lod></Region>
<Link><href>http://www.marinetraffic.com/ais/getkml.aspx?minlat=-19.5&amp;maxlat=-7.75&amp;minlon=90&amp;maxlon=112.5</href><refreshInterval>600.0</refreshInterval><refreshMode>onRegion</refreshMode></Link></NetworkLink>
<NetworkLink><Region><LatLonAltBox><south>-19.5</south><north>-7.75</north><west>112.5</west><east>135</east></LatLonAltBox>
<Lod><minLodPixels>4096</minLodPixels><maxLodPixels>-1</maxLodPixels></Lod></Region>
<Link><href>http://www.marinetraffic.com/ais/getkml.aspx?minlat=-19.5&amp;maxlat=-7.75&amp;minlon=112.5&amp;maxlon=135</href><refreshInterval>600.0</refreshInterval><refreshMode>onRegion</refreshMode></Link></NetworkLink>
<NetworkLink><Region><LatLonAltBox><south>-19.5</south><north>-7.75</north><west>135</west><east>157.5</east></LatLonAltBox>
<Lod><minLodPixels>4096</minLodPixels><maxLodPixels>-1</maxLodPixels></Lod></Region>
<Link><href>http://www.marinetraffic.com/ais/getkml.aspx?minlat=-19.5&amp;maxlat=-7.75&amp;minlon=135&amp;maxlon=157.5</href><refreshInterval>600.0</refreshInterval><refreshMode>onRegion</refreshMode></Link></NetworkLink>
<NetworkLink><Region><LatLonAltBox><south>-19.5</south><north>-7.75</north><west>157.5</west><east>180</east></LatLonAltBox>
<Lod><minLodPixels>4096</minLodPixels><maxLodPixels>-1</maxLodPixels></Lod></Region>
<Link><href>http://www.marinetraffic.com/ais/getkml.aspx?minlat=-19.5&amp;maxlat=-7.75&amp;minlon=157.5&amp;maxlon=180</href><refreshInterval>600.0</refreshInterval><refreshMode>onRegion</refreshMode></Link></NetworkLink>
<NetworkLink><Region><LatLonAltBox><south>-7.75</south><north>4</north><west>-180</west><east>-157.5</east></LatLonAltBox>
<Lod><minLodPixels>4096</minLodPixels><maxLodPixels>-1</maxLodPixels></Lod></Region>
<Link><href>http://www.marinetraffic.com/ais/getkml.aspx?minlat=-7.75&amp;maxlat=4&amp;minlon=-180&amp;maxlon=-157.5</href><refreshInterval>600.0</refreshInterval><refreshMode>onRegion</refreshMode></Link></NetworkLink>
<NetworkLink><Region><LatLonAltBox><south>-7.75</south><north>4</north><west>-157.5</west><east>-135</east></LatLonAltBox>
<Lod><minLodPixels>4096</minLodPixels><maxLodPixels>-1</maxLodPixels></Lod></Region>
<Link><href>http://www.marinetraffic.com/ais/getkml.aspx?minlat=-7.75&amp;maxlat=4&amp;minlon=-157.5&amp;maxlon=-135</href><refreshInterval>600.0</refreshInterval><refreshMode>onRegion</refreshMode></Link></NetworkLink>
<NetworkLink><Region><LatLonAltBox><south>-7.75</south><north>4</north><west>-135</west><east>-112.5</east></LatLonAltBox>
<Lod><minLodPixels>4096</minLodPixels><maxLodPixels>-1</maxLodPixels></Lod></Region>
<Link><href>http://www.marinetraffic.com/ais/getkml.aspx?minlat=-7.75&amp;maxlat=4&amp;minlon=-135&amp;maxlon=-112.5</href><refreshInterval>600.0</refreshInterval><refreshMode>onRegion</refreshMode></Link></NetworkLink>
<NetworkLink><Region><LatLonAltBox><south>-7.75</south><north>4</north><west>-112.5</west><east>-90</east></LatLonAltBox>
<Lod><minLodPixels>4096</minLodPixels><maxLodPixels>-1</maxLodPixels></Lod></Region>
<Link><href>http://www.marinetraffic.com/ais/getkml.aspx?minlat=-7.75&amp;maxlat=4&amp;minlon=-112.5&amp;maxlon=-90</href><refreshInterval>600.0</refreshInterval><refreshMode>onRegion</refreshMode></Link></NetworkLink>
<NetworkLink><Region><LatLonAltBox><south>-7.75</south><north>4</north><west>-90</west><east>-67.5</east></LatLonAltBox>
<Lod><minLodPixels>4096</minLodPixels><maxLodPixels>-1</maxLodPixels></Lod></Region>
<Link><href>http://www.marinetraffic.com/ais/getkml.aspx?minlat=-7.75&amp;maxlat=4&amp;minlon=-90&amp;maxlon=-67.5</href><refreshInterval>600.0</refreshInterval><refreshMode>onRegion</refreshMode></Link></NetworkLink>
<NetworkLink><Region><LatLonAltBox><south>-7.75</south><north>4</north><west>-67.5</west><east>-45</east></LatLonAltBox>
<Lod><minLodPixels>4096</minLodPixels><maxLodPixels>-1</maxLodPixels></Lod></Region>
<Link><href>http://www.marinetraffic.com/ais/getkml.aspx?minlat=-7.75&amp;maxlat=4&amp;minlon=-67.5&amp;maxlon=-45</href><refreshInterval>600.0</refreshInterval><refreshMode>onRegion</refreshMode></Link></NetworkLink>
<NetworkLink><Region><LatLonAltBox><south>-7.75</south><north>4</north><west>-45</west><east>-22.5</east></LatLonAltBox>
<Lod><minLodPixels>4096</minLodPixels><maxLodPixels>-1</maxLodPixels></Lod></Region>
<Link><href>http://www.marinetraffic.com/ais/getkml.aspx?minlat=-7.75&amp;maxlat=4&amp;minlon=-45&amp;maxlon=-22.5</href><refreshInterval>600.0</refreshInterval><refreshMode>onRegion</refreshMode></Link></NetworkLink>
<NetworkLink><Region><LatLonAltBox><south>-7.75</south><north>4</north><west>-22.5</west><east>0</east></LatLonAltBox>
<Lod><minLodPixels>4096</minLodPixels><maxLodPixels>-1</maxLodPixels></Lod></Region>
<Link><href>http://www.marinetraffic.com/ais/getkml.aspx?minlat=-7.75&amp;maxlat=4&amp;minlon=-22.5&amp;maxlon=0</href><refreshInterval>600.0</refreshInterval><refreshMode>onRegion</refreshMode></Link></NetworkLink>
<NetworkLink><Region><LatLonAltBox><south>-7.75</south><north>4</north><west>0</west><east>22.5</east></LatLonAltBox>
<Lod><minLodPixels>4096</minLodPixels><maxLodPixels>-1</maxLodPixels></Lod></Region>
<Link><href>http://www.marinetraffic.com/ais/getkml.aspx?minlat=-7.75&amp;maxlat=4&amp;minlon=0&amp;maxlon=22.5</href><refreshInterval>600.0</refreshInterval><refreshMode>onRegion</refreshMode></Link></NetworkLink>
<NetworkLink><Region><LatLonAltBox><south>-7.75</south><north>4</north><west>22.5</west><east>45</east></LatLonAltBox>
<Lod><minLodPixels>4096</minLodPixels><maxLodPixels>-1</maxLodPixels></Lod></Region>
<Link><href>http://www.marinetraffic.com/ais/getkml.aspx?minlat=-7.75&amp;maxlat=4&amp;minlon=22.5&amp;maxlon=45</href><refreshInterval>600.0</refreshInterval><refreshMode>onRegion</refreshMode></Link></NetworkLink>
<NetworkLink><Region><LatLonAltBox><south>-7.75</south><north>4</north><west>45</west><east>67.5</east></LatLonAltBox>
<Lod><minLodPixels>4096</minLodPixels><maxLodPixels>-1</maxLodPixels></Lod></Region>
<Link><href>http://www.marinetraffic.com/ais/getkml.aspx?minlat=-7.75&amp;maxlat=4&amp;minlon=45&amp;maxlon=67.5</href><refreshInterval>600.0</refreshInterval><refreshMode>onRegion</refreshMode></Link></NetworkLink>
<NetworkLink><Region><LatLonAltBox><south>-7.75</south><north>4</north><west>67.5</west><east>90</east></LatLonAltBox>
<Lod><minLodPixels>4096</minLodPixels><maxLodPixels>-1</maxLodPixels></Lod></Region>
<Link><href>http://www.marinetraffic.com/ais/getkml.aspx?minlat=-7.75&amp;maxlat=4&amp;minlon=67.5&amp;maxlon=90</href><refreshInterval>600.0</refreshInterval><refreshMode>onRegion</refreshMode></Link></NetworkLink>
<NetworkLink><Region><LatLonAltBox><south>-7.75</south><north>4</north><west>90</west><east>112.5</east></LatLonAltBox>
<Lod><minLodPixels>4096</minLodPixels><maxLodPixels>-1</maxLodPixels></Lod></Region>
<Link><href>http://www.marinetraffic.com/ais/getkml.aspx?minlat=-7.75&amp;maxlat=4&amp;minlon=90&amp;maxlon=112.5</href><refreshInterval>600.0</refreshInterval><refreshMode>onRegion</refreshMode></Link></NetworkLink>
<NetworkLink><Region><LatLonAltBox><south>-7.75</south><north>4</north><west>112.5</west><east>135</east></LatLonAltBox>
<Lod><minLodPixels>4096</minLodPixels><maxLodPixels>-1</maxLodPixels></Lod></Region>
<Link><href>http://www.marinetraffic.com/ais/getkml.aspx?minlat=-7.75&amp;maxlat=4&amp;minlon=112.5&amp;maxlon=135</href><refreshInterval>600.0</refreshInterval><refreshMode>onRegion</refreshMode></Link></NetworkLink>
<NetworkLink><Region><LatLonAltBox><south>-7.75</south><north>4</north><west>135</west><east>157.5</east></LatLonAltBox>
<Lod><minLodPixels>4096</minLodPixels><maxLodPixels>-1</maxLodPixels></Lod></Region>
<Link><href>http://www.marinetraffic.com/ais/getkml.aspx?minlat=-7.75&amp;maxlat=4&amp;minlon=135&amp;maxlon=157.5</href><refreshInterval>600.0</refreshInterval><refreshMode>onRegion</refreshMode></Link></NetworkLink>
<NetworkLink><Region><LatLonAltBox><south>-7.75</south><north>4</north><west>157.5</west><east>180</east></LatLonAltBox>
<Lod><minLodPixels>4096</minLodPixels><maxLodPixels>-1</maxLodPixels></Lod></Region>
<Link><href>http://www.marinetraffic.com/ais/getkml.aspx?minlat=-7.75&amp;maxlat=4&amp;minlon=157.5&amp;maxlon=180</href><refreshInterval>600.0</refreshInterval><refreshMode>onRegion</refreshMode></Link></NetworkLink>
<NetworkLink><Region><LatLonAltBox><south>4</south><north>15.75</north><west>-180</west><east>-157.5</east></LatLonAltBox>
<Lod><minLodPixels>4096</minLodPixels><maxLodPixels>-1</maxLodPixels></Lod></Region>
<Link><href>http://www.marinetraffic.com/ais/getkml.aspx?minlat=4&amp;maxlat=15.75&amp;minlon=-180&amp;maxlon=-157.5</href><refreshInterval>600.0</refreshInterval><refreshMode>onRegion</refreshMode></Link></NetworkLink>
<NetworkLink><Region><LatLonAltBox><south>4</south><north>15.75</north><west>-157.5</west><east>-135</east></LatLonAltBox>
<Lod><minLodPixels>4096</minLodPixels><maxLodPixels>-1</maxLodPixels></Lod></Region>
<Link><href>http://www.marinetraffic.com/ais/getkml.aspx?minlat=4&amp;maxlat=15.75&amp;minlon=-157.5&amp;maxlon=-135</href><refreshInterval>600.0</refreshInterval><refreshMode>onRegion</refreshMode></Link></NetworkLink>
<NetworkLink><Region><LatLonAltBox><south>4</south><north>15.75</north><west>-135</west><east>-112.5</east></LatLonAltBox>
<Lod><minLodPixels>4096</minLodPixels><maxLodPixels>-1</maxLodPixels></Lod></Region>
<Link><href>http://www.marinetraffic.com/ais/getkml.aspx?minlat=4&amp;maxlat=15.75&amp;minlon=-135&amp;maxlon=-112.5</href><refreshInterval>600.0</refreshInterval><refreshMode>onRegion</refreshMode></Link></NetworkLink>
<NetworkLink><Region><LatLonAltBox><south>4</south><north>15.75</north><west>-112.5</west><east>-90</east></LatLonAltBox>
<Lod><minLodPixels>4096</minLodPixels><maxLodPixels>-1</maxLodPixels></Lod></Region>
<Link><href>http://www.marinetraffic.com/ais/getkml.aspx?minlat=4&amp;maxlat=15.75&amp;minlon=-112.5&amp;maxlon=-90</href><refreshInterval>600.0</refreshInterval><refreshMode>onRegion</refreshMode></Link></NetworkLink>
<NetworkLink><Region><LatLonAltBox><south>4</south><north>15.75</north><west>-90</west><east>-67.5</east></LatLonAltBox>
<Lod><minLodPixels>4096</minLodPixels><maxLodPixels>-1</maxLodPixels></Lod></Region>
<Link><href>http://www.marinetraffic.com/ais/getkml.aspx?minlat=4&amp;maxlat=15.75&amp;minlon=-90&amp;maxlon=-67.5</href><refreshInterval>600.0</refreshInterval><refreshMode>onRegion</refreshMode></Link></NetworkLink>
<NetworkLink><Region><LatLonAltBox><south>4</south><north>15.75</north><west>-67.5</west><east>-45</east></LatLonAltBox>
<Lod><minLodPixels>4096</minLodPixels><maxLodPixels>-1</maxLodPixels></Lod></Region>
<Link><href>http://www.marinetraffic.com/ais/getkml.aspx?minlat=4&amp;maxlat=15.75&amp;minlon=-67.5&amp;maxlon=-45</href><refreshInterval>600.0</refreshInterval><refreshMode>onRegion</refreshMode></Link></NetworkLink>
<NetworkLink><Region><LatLonAltBox><south>4</south><north>15.75</north><west>-45</west><east>-22.5</east></LatLonAltBox>
<Lod><minLodPixels>4096</minLodPixels><maxLodPixels>-1</maxLodPixels></Lod></Region>
<Link><href>http://www.marinetraffic.com/ais/getkml.aspx?minlat=4&amp;maxlat=15.75&amp;minlon=-45&amp;maxlon=-22.5</href><refreshInterval>600.0</refreshInterval><refreshMode>onRegion</refreshMode></Link></NetworkLink>
<NetworkLink><Region><LatLonAltBox><south>4</south><north>15.75</north><west>-22.5</west><east>0</east></LatLonAltBox>
<Lod><minLodPixels>4096</minLodPixels><maxLodPixels>-1</maxLodPixels></Lod></Region>
<Link><href>http://www.marinetraffic.com/ais/getkml.aspx?minlat=4&amp;maxlat=15.75&amp;minlon=-22.5&amp;maxlon=0</href><refreshInterval>600.0</refreshInterval><refreshMode>onRegion</refreshMode></Link></NetworkLink>
<NetworkLink><Region><LatLonAltBox><south>4</south><north>15.75</north><west>0</west><east>22.5</east></LatLonAltBox>
<Lod><minLodPixels>4096</minLodPixels><maxLodPixels>-1</maxLodPixels></Lod></Region>
<Link><href>http://www.marinetraffic.com/ais/getkml.aspx?minlat=4&amp;maxlat=15.75&amp;minlon=0&amp;maxlon=22.5</href><refreshInterval>600.0</refreshInterval><refreshMode>onRegion</refreshMode></Link></NetworkLink>
<NetworkLink><Region><LatLonAltBox><south>4</south><north>15.75</north><west>22.5</west><east>45</east></LatLonAltBox>
<Lod><minLodPixels>4096</minLodPixels><maxLodPixels>-1</maxLodPixels></Lod></Region>
<Link><href>http://www.marinetraffic.com/ais/getkml.aspx?minlat=4&amp;maxlat=15.75&amp;minlon=22.5&amp;maxlon=45</href><refreshInterval>600.0</refreshInterval><refreshMode>onRegion</refreshMode></Link></NetworkLink>
<NetworkLink><Region><LatLonAltBox><south>4</south><north>15.75</north><west>45</west><east>67.5</east></LatLonAltBox>
<Lod><minLodPixels>4096</minLodPixels><maxLodPixels>-1</maxLodPixels></Lod></Region>
<Link><href>http://www.marinetraffic.com/ais/getkml.aspx?minlat=4&amp;maxlat=15.75&amp;minlon=45&amp;maxlon=67.5</href><refreshInterval>600.0</refreshInterval><refreshMode>onRegion</refreshMode></Link></NetworkLink>
<NetworkLink><Region><LatLonAltBox><south>4</south><north>15.75</north><west>67.5</west><east>90</east></LatLonAltBox>
<Lod><minLodPixels>4096</minLodPixels><maxLodPixels>-1</maxLodPixels></Lod></Region>
<Link><href>http://www.marinetraffic.com/ais/getkml.aspx?minlat=4&amp;maxlat=15.75&amp;minlon=67.5&amp;maxlon=90</href><refreshInterval>600.0</refreshInterval><refreshMode>onRegion</refreshMode></Link></NetworkLink>
<NetworkLink><Region><LatLonAltBox><south>4</south><north>15.75</north><west>90</west><east>112.5</east></LatLonAltBox>
<Lod><minLodPixels>4096</minLodPixels><maxLodPixels>-1</maxLodPixels></Lod></Region>
<Link><href>http://www.marinetraffic.com/ais/getkml.aspx?minlat=4&amp;maxlat=15.75&amp;minlon=90&amp;maxlon=112.5</href><refreshInterval>600.0</refreshInterval><refreshMode>onRegion</refreshMode></Link></NetworkLink>
<NetworkLink><Region><LatLonAltBox><south>4</south><north>15.75</north><west>112.5</west><east>135</east></LatLonAltBox>
<Lod><minLodPixels>4096</minLodPixels><maxLodPixels>-1</maxLodPixels></Lod></Region>
<Link><href>http://www.marinetraffic.com/ais/getkml.aspx?minlat=4&amp;maxlat=15.75&amp;minlon=112.5&amp;maxlon=135</href><refreshInterval>600.0</refreshInterval><refreshMode>onRegion</refreshMode></Link></NetworkLink>
<NetworkLink><Region><LatLonAltBox><south>4</south><north>15.75</north><west>135</west><east>157.5</east></LatLonAltBox>
<Lod><minLodPixels>4096</minLodPixels><maxLodPixels>-1</maxLodPixels></Lod></Region>
<Link><href>http://www.marinetraffic.com/ais/getkml.aspx?minlat=4&amp;maxlat=15.75&amp;minlon=135&amp;maxlon=157.5</href><refreshInterval>600.0</refreshInterval><refreshMode>onRegion</refreshMode></Link></NetworkLink>
<NetworkLink><Region><LatLonAltBox><south>4</south><north>15.75</north><west>157.5</west><east>180</east></LatLonAltBox>
<Lod><minLodPixels>4096</minLodPixels><maxLodPixels>-1</maxLodPixels></Lod></Region>
<Link><href>http://www.marinetraffic.com/ais/getkml.aspx?minlat=4&amp;maxlat=15.75&amp;minlon=157.5&amp;maxlon=180</href><refreshInterval>600.0</refreshInterval><refreshMode>onRegion</refreshMode></Link></NetworkLink>
<NetworkLink><Region><LatLonAltBox><south>15.75</south><north>27.5</north><west>-180</west><east>-157.5</east></LatLonAltBox>
<Lod><minLodPixels>4096</minLodPixels><maxLodPixels>-1</maxLodPixels></Lod></Region>
<Link><href>http://www.marinetraffic.com/ais/getkml.aspx?minlat=15.75&amp;maxlat=27.5&amp;minlon=-180&amp;maxlon=-157.5</href><refreshInterval>600.0</refreshInterval><refreshMode>onRegion</refreshMode></Link></NetworkLink>
<NetworkLink><Region><LatLonAltBox><south>15.75</south><north>27.5</north><west>-157.5</west><east>-135</east></LatLonAltBox>
<Lod><minLodPixels>4096</minLodPixels><maxLodPixels>-1</maxLodPixels></Lod></Region>
<Link><href>http://www.marinetraffic.com/ais/getkml.aspx?minlat=15.75&amp;maxlat=27.5&amp;minlon=-157.5&amp;maxlon=-135</href><refreshInterval>600.0</refreshInterval><refreshMode>onRegion</refreshMode></Link></NetworkLink>
<NetworkLink><Region><LatLonAltBox><south>15.75</south><north>27.5</north><west>-135</west><east>-112.5</east></LatLonAltBox>
<Lod><minLodPixels>4096</minLodPixels><maxLodPixels>-1</maxLodPixels></Lod></Region>
<Link><href>http://www.marinetraffic.com/ais/getkml.aspx?minlat=15.75&amp;maxlat=27.5&amp;minlon=-135&amp;maxlon=-112.5</href><refreshInterval>600.0</refreshInterval><refreshMode>onRegion</refreshMode></Link></NetworkLink>
<NetworkLink><Region><LatLonAltBox><south>15.75</south><north>27.5</north><west>-112.5</west><east>-90</east></LatLonAltBox>
<Lod><minLodPixels>4096</minLodPixels><maxLodPixels>-1</maxLodPixels></Lod></Region>
<Link><href>http://www.marinetraffic.com/ais/getkml.aspx?minlat=15.75&amp;maxlat=27.5&amp;minlon=-112.5&amp;maxlon=-90</href><refreshInterval>600.0</refreshInterval><refreshMode>onRegion</refreshMode></Link></NetworkLink>
<NetworkLink><Region><LatLonAltBox><south>15.75</south><north>27.5</north><west>-90</west><east>-67.5</east></LatLonAltBox>
<Lod><minLodPixels>4096</minLodPixels><maxLodPixels>-1</maxLodPixels></Lod></Region>
<Link><href>http://www.marinetraffic.com/ais/getkml.aspx?minlat=15.75&amp;maxlat=27.5&amp;minlon=-90&amp;maxlon=-67.5</href><refreshInterval>600.0</refreshInterval><refreshMode>onRegion</refreshMode></Link></NetworkLink>
<NetworkLink><Region><LatLonAltBox><south>15.75</south><north>27.5</north><west>-67.5</west><east>-45</east></LatLonAltBox>
<Lod><minLodPixels>4096</minLodPixels><maxLodPixels>-1</maxLodPixels></Lod></Region>
<Link><href>http://www.marinetraffic.com/ais/getkml.aspx?minlat=15.75&amp;maxlat=27.5&amp;minlon=-67.5&amp;maxlon=-45</href><refreshInterval>600.0</refreshInterval><refreshMode>onRegion</refreshMode></Link></NetworkLink>
<NetworkLink><Region><LatLonAltBox><south>15.75</south><north>27.5</north><west>-45</west><east>-22.5</east></LatLonAltBox>
<Lod><minLodPixels>4096</minLodPixels><maxLodPixels>-1</maxLodPixels></Lod></Region>
<Link><href>http://www.marinetraffic.com/ais/getkml.aspx?minlat=15.75&amp;maxlat=27.5&amp;minlon=-45&amp;maxlon=-22.5</href><refreshInterval>600.0</refreshInterval><refreshMode>onRegion</refreshMode></Link></NetworkLink>
<NetworkLink><Region><LatLonAltBox><south>15.75</south><north>27.5</north><west>-22.5</west><east>0</east></LatLonAltBox>
<Lod><minLodPixels>4096</minLodPixels><maxLodPixels>-1</maxLodPixels></Lod></Region>
<Link><href>http://www.marinetraffic.com/ais/getkml.aspx?minlat=15.75&amp;maxlat=27.5&amp;minlon=-22.5&amp;maxlon=0</href><refreshInterval>600.0</refreshInterval><refreshMode>onRegion</refreshMode></Link></NetworkLink>
<NetworkLink><Region><LatLonAltBox><south>15.75</south><north>27.5</north><west>0</west><east>22.5</east></LatLonAltBox>
<Lod><minLodPixels>4096</minLodPixels><maxLodPixels>-1</maxLodPixels></Lod></Region>
<Link><href>http://www.marinetraffic.com/ais/getkml.aspx?minlat=15.75&amp;maxlat=27.5&amp;minlon=0&amp;maxlon=22.5</href><refreshInterval>600.0</refreshInterval><refreshMode>onRegion</refreshMode></Link></NetworkLink>
<NetworkLink><Region><LatLonAltBox><south>15.75</south><north>27.5</north><west>22.5</west><east>45</east></LatLonAltBox>
<Lod><minLodPixels>4096</minLodPixels><maxLodPixels>-1</maxLodPixels></Lod></Region>
<Link><href>http://www.marinetraffic.com/ais/getkml.aspx?minlat=15.75&amp;maxlat=27.5&amp;minlon=22.5&amp;maxlon=45</href><refreshInterval>600.0</refreshInterval><refreshMode>onRegion</refreshMode></Link></NetworkLink>
<NetworkLink><Region><LatLonAltBox><south>15.75</south><north>27.5</north><west>45</west><east>67.5</east></LatLonAltBox>
<Lod><minLodPixels>4096</minLodPixels><maxLodPixels>-1</maxLodPixels></Lod></Region>
<Link><href>http://www.marinetraffic.com/ais/getkml.aspx?minlat=15.75&amp;maxlat=27.5&amp;minlon=45&amp;maxlon=67.5</href><refreshInterval>600.0</refreshInterval><refreshMode>onRegion</refreshMode></Link></NetworkLink>
<NetworkLink><Region><LatLonAltBox><south>15.75</south><north>27.5</north><west>67.5</west><east>90</east></LatLonAltBox>
<Lod><minLodPixels>4096</minLodPixels><maxLodPixels>-1</maxLodPixels></Lod></Region>
<Link><href>http://www.marinetraffic.com/ais/getkml.aspx?minlat=15.75&amp;maxlat=27.5&amp;minlon=67.5&amp;maxlon=90</href><refreshInterval>600.0</refreshInterval><refreshMode>onRegion</refreshMode></Link></NetworkLink>
<NetworkLink><Region><LatLonAltBox><south>15.75</south><north>27.5</north><west>90</west><east>112.5</east></LatLonAltBox>
<Lod><minLodPixels>4096</minLodPixels><maxLodPixels>-1</maxLodPixels></Lod></Region>
<Link><href>http://www.marinetraffic.com/ais/getkml.aspx?minlat=15.75&amp;maxlat=27.5&amp;minlon=90&amp;maxlon=112.5</href><refreshInterval>600.0</refreshInterval><refreshMode>onRegion</refreshMode></Link></NetworkLink>
<NetworkLink><Region><LatLonAltBox><south>15.75</south><north>27.5</north><west>112.5</west><east>135</east></LatLonAltBox>
<Lod><minLodPixels>4096</minLodPixels><maxLodPixels>-1</maxLodPixels></Lod></Region>
<Link><href>http://www.marinetraffic.com/ais/getkml.aspx?minlat=15.75&amp;maxlat=27.5&amp;minlon=112.5&amp;maxlon=135</href><refreshInterval>600.0</refreshInterval><refreshMode>onRegion</refreshMode></Link></NetworkLink>
<NetworkLink><Region><LatLonAltBox><south>15.75</south><north>27.5</north><west>135</west><east>157.5</east></LatLonAltBox>
<Lod><minLodPixels>4096</minLodPixels><maxLodPixels>-1</maxLodPixels></Lod></Region>
<Link><href>http://www.marinetraffic.com/ais/getkml.aspx?minlat=15.75&amp;maxlat=27.5&amp;minlon=135&amp;maxlon=157.5</href><refreshInterval>600.0</refreshInterval><refreshMode>onRegion</refreshMode></Link></NetworkLink>
<NetworkLink><Region><LatLonAltBox><south>15.75</south><north>27.5</north><west>157.5</west><east>180</east></LatLonAltBox>
<Lod><minLodPixels>4096</minLodPixels><maxLodPixels>-1</maxLodPixels></Lod></Region>
<Link><href>http://www.marinetraffic.com/ais/getkml.aspx?minlat=15.75&amp;maxlat=27.5&amp;minlon=157.5&amp;maxlon=180</href><refreshInterval>600.0</refreshInterval><refreshMode>onRegion</refreshMode></Link></NetworkLink>
<NetworkLink><Region><LatLonAltBox><south>27.5</south><north>39.25</north><west>-180</west><east>-157.5</east></LatLonAltBox>
<Lod><minLodPixels>4096</minLodPixels><maxLodPixels>-1</maxLodPixels></Lod></Region>
<Link><href>http://www.marinetraffic.com/ais/getkml.aspx?minlat=27.5&amp;maxlat=39.25&amp;minlon=-180&amp;maxlon=-157.5</href><refreshInterval>600.0</refreshInterval><refreshMode>onRegion</refreshMode></Link></NetworkLink>
<NetworkLink><Region><LatLonAltBox><south>27.5</south><north>39.25</north><west>-157.5</west><east>-135</east></LatLonAltBox>
<Lod><minLodPixels>4096</minLodPixels><maxLodPixels>-1</maxLodPixels></Lod></Region>
<Link><href>http://www.marinetraffic.com/ais/getkml.aspx?minlat=27.5&amp;maxlat=39.25&amp;minlon=-157.5&amp;maxlon=-135</href><refreshInterval>600.0</refreshInterval><refreshMode>onRegion</refreshMode></Link></NetworkLink>
<NetworkLink><Region><LatLonAltBox><south>27.5</south><north>39.25</north><west>-135</west><east>-112.5</east></LatLonAltBox>
<Lod><minLodPixels>4096</minLodPixels><maxLodPixels>-1</maxLodPixels></Lod></Region>
<Link><href>http://www.marinetraffic.com/ais/getkml.aspx?minlat=27.5&amp;maxlat=39.25&amp;minlon=-135&amp;maxlon=-112.5</href><refreshInterval>600.0</refreshInterval><refreshMode>onRegion</refreshMode></Link></NetworkLink>
<NetworkLink><Region><LatLonAltBox><south>27.5</south><north>39.25</north><west>-112.5</west><east>-90</east></LatLonAltBox>
<Lod><minLodPixels>4096</minLodPixels><maxLodPixels>-1</maxLodPixels></Lod></Region>
<Link><href>http://www.marinetraffic.com/ais/getkml.aspx?minlat=27.5&amp;maxlat=39.25&amp;minlon=-112.5&amp;maxlon=-90</href><refreshInterval>600.0</refreshInterval><refreshMode>onRegion</refreshMode></Link></NetworkLink>
<NetworkLink><Region><LatLonAltBox><south>27.5</south><north>39.25</north><west>-90</west><east>-67.5</east></LatLonAltBox>
<Lod><minLodPixels>4096</minLodPixels><maxLodPixels>-1</maxLodPixels></Lod></Region>
<Link><href>http://www.marinetraffic.com/ais/getkml.aspx?minlat=27.5&amp;maxlat=39.25&amp;minlon=-90&amp;maxlon=-67.5</href><refreshInterval>600.0</refreshInterval><refreshMode>onRegion</refreshMode></Link></NetworkLink>
<NetworkLink><Region><LatLonAltBox><south>27.5</south><north>39.25</north><west>-67.5</west><east>-45</east></LatLonAltBox>
<Lod><minLodPixels>4096</minLodPixels><maxLodPixels>-1</maxLodPixels></Lod></Region>
<Link><href>http://www.marinetraffic.com/ais/getkml.aspx?minlat=27.5&amp;maxlat=39.25&amp;minlon=-67.5&amp;maxlon=-45</href><refreshInterval>600.0</refreshInterval><refreshMode>onRegion</refreshMode></Link></NetworkLink>
<NetworkLink><Region><LatLonAltBox><south>27.5</south><north>39.25</north><west>-45</west><east>-22.5</east></LatLonAltBox>
<Lod><minLodPixels>4096</minLodPixels><maxLodPixels>-1</maxLodPixels></Lod></Region>
<Link><href>http://www.marinetraffic.com/ais/getkml.aspx?minlat=27.5&amp;maxlat=39.25&amp;minlon=-45&amp;maxlon=-22.5</href><refreshInterval>600.0</refreshInterval><refreshMode>onRegion</refreshMode></Link></NetworkLink>
<NetworkLink><Region><LatLonAltBox><south>27.5</south><north>39.25</north><west>-22.5</west><east>0</east></LatLonAltBox>
<Lod><minLodPixels>4096</minLodPixels><maxLodPixels>-1</maxLodPixels></Lod></Region>
<Link><href>http://www.marinetraffic.com/ais/getkml.aspx?minlat=27.5&amp;maxlat=39.25&amp;minlon=-22.5&amp;maxlon=0</href><refreshInterval>600.0</refreshInterval><refreshMode>onRegion</refreshMode></Link></NetworkLink>
<NetworkLink><Region><LatLonAltBox><south>27.5</south><north>39.25</north><west>0</west><east>22.5</east></LatLonAltBox>
<Lod><minLodPixels>4096</minLodPixels><maxLodPixels>-1</maxLodPixels></Lod></Region>
<Link><href>http://www.marinetraffic.com/ais/getkml.aspx?minlat=27.5&amp;maxlat=39.25&amp;minlon=0&amp;maxlon=22.5</href><refreshInterval>600.0</refreshInterval><refreshMode>onRegion</refreshMode></Link></NetworkLink>
<NetworkLink><Region><LatLonAltBox><south>27.5</south><north>39.25</north><west>22.5</west><east>45</east></LatLonAltBox>
<Lod><minLodPixels>4096</minLodPixels><maxLodPixels>-1</maxLodPixels></Lod></Region>
<Link><href>http://www.marinetraffic.com/ais/getkml.aspx?minlat=27.5&amp;maxlat=39.25&amp;minlon=22.5&amp;maxlon=45</href><refreshInterval>600.0</refreshInterval><refreshMode>onRegion</refreshMode></Link></NetworkLink>
<NetworkLink><Region><LatLonAltBox><south>27.5</south><north>39.25</north><west>45</west><east>67.5</east></LatLonAltBox>
<Lod><minLodPixels>4096</minLodPixels><maxLodPixels>-1</maxLodPixels></Lod></Region>
<Link><href>http://www.marinetraffic.com/ais/getkml.aspx?minlat=27.5&amp;maxlat=39.25&amp;minlon=45&amp;maxlon=67.5</href><refreshInterval>600.0</refreshInterval><refreshMode>onRegion</refreshMode></Link></NetworkLink>
<NetworkLink><Region><LatLonAltBox><south>27.5</south><north>39.25</north><west>67.5</west><east>90</east></LatLonAltBox>
<Lod><minLodPixels>4096</minLodPixels><maxLodPixels>-1</maxLodPixels></Lod></Region>
<Link><href>http://www.marinetraffic.com/ais/getkml.aspx?minlat=27.5&amp;maxlat=39.25&amp;minlon=67.5&amp;maxlon=90</href><refreshInterval>600.0</refreshInterval><refreshMode>onRegion</refreshMode></Link></NetworkLink>
<NetworkLink><Region><LatLonAltBox><south>27.5</south><north>39.25</north><west>90</west><east>112.5</east></LatLonAltBox>
<Lod><minLodPixels>4096</minLodPixels><maxLodPixels>-1</maxLodPixels></Lod></Region>
<Link><href>http://www.marinetraffic.com/ais/getkml.aspx?minlat=27.5&amp;maxlat=39.25&amp;minlon=90&amp;maxlon=112.5</href><refreshInterval>600.0</refreshInterval><refreshMode>onRegion</refreshMode></Link></NetworkLink>
<NetworkLink><Region><LatLonAltBox><south>27.5</south><north>39.25</north><west>112.5</west><east>135</east></LatLonAltBox>
<Lod><minLodPixels>4096</minLodPixels><maxLodPixels>-1</maxLodPixels></Lod></Region>
<Link><href>http://www.marinetraffic.com/ais/getkml.aspx?minlat=27.5&amp;maxlat=39.25&amp;minlon=112.5&amp;maxlon=135</href><refreshInterval>600.0</refreshInterval><refreshMode>onRegion</refreshMode></Link></NetworkLink>
<NetworkLink><Region><LatLonAltBox><south>27.5</south><north>39.25</north><west>135</west><east>157.5</east></LatLonAltBox>
<Lod><minLodPixels>4096</minLodPixels><maxLodPixels>-1</maxLodPixels></Lod></Region>
<Link><href>http://www.marinetraffic.com/ais/getkml.aspx?minlat=27.5&amp;maxlat=39.25&amp;minlon=135&amp;maxlon=157.5</href><refreshInterval>600.0</refreshInterval><refreshMode>onRegion</refreshMode></Link></NetworkLink>
<NetworkLink><Region><LatLonAltBox><south>27.5</south><north>39.25</north><west>157.5</west><east>180</east></LatLonAltBox>
<Lod><minLodPixels>4096</minLodPixels><maxLodPixels>-1</maxLodPixels></Lod></Region>
<Link><href>http://www.marinetraffic.com/ais/getkml.aspx?minlat=27.5&amp;maxlat=39.25&amp;minlon=157.5&amp;maxlon=180</href><refreshInterval>600.0</refreshInterval><refreshMode>onRegion</refreshMode></Link></NetworkLink>
<NetworkLink><Region><LatLonAltBox><south>39.25</south><north>51</north><west>-180</west><east>-157.5</east></LatLonAltBox>
<Lod><minLodPixels>4096</minLodPixels><maxLodPixels>-1</maxLodPixels></Lod></Region>
<Link><href>http://www.marinetraffic.com/ais/getkml.aspx?minlat=39.25&amp;maxlat=51&amp;minlon=-180&amp;maxlon=-157.5</href><refreshInterval>600.0</refreshInterval><refreshMode>onRegion</refreshMode></Link></NetworkLink>
<NetworkLink><Region><LatLonAltBox><south>39.25</south><north>51</north><west>-157.5</west><east>-135</east></LatLonAltBox>
<Lod><minLodPixels>4096</minLodPixels><maxLodPixels>-1</maxLodPixels></Lod></Region>
<Link><href>http://www.marinetraffic.com/ais/getkml.aspx?minlat=39.25&amp;maxlat=51&amp;minlon=-157.5&amp;maxlon=-135</href><refreshInterval>600.0</refreshInterval><refreshMode>onRegion</refreshMode></Link></NetworkLink>
<NetworkLink><Region><LatLonAltBox><south>39.25</south><north>51</north><west>-135</west><east>-112.5</east></LatLonAltBox>
<Lod><minLodPixels>4096</minLodPixels><maxLodPixels>-1</maxLodPixels></Lod></Region>
<Link><href>http://www.marinetraffic.com/ais/getkml.aspx?minlat=39.25&amp;maxlat=51&amp;minlon=-135&amp;maxlon=-112.5</href><refreshInterval>600.0</refreshInterval><refreshMode>onRegion</refreshMode></Link></NetworkLink>
<NetworkLink><Region><LatLonAltBox><south>39.25</south><north>51</north><west>-112.5</west><east>-90</east></LatLonAltBox>
<Lod><minLodPixels>4096</minLodPixels><maxLodPixels>-1</maxLodPixels></Lod></Region>
<Link><href>http://www.marinetraffic.com/ais/getkml.aspx?minlat=39.25&amp;maxlat=51&amp;minlon=-112.5&amp;maxlon=-90</href><refreshInterval>600.0</refreshInterval><refreshMode>onRegion</refreshMode></Link></NetworkLink>
<NetworkLink><Region><LatLonAltBox><south>39.25</south><north>51</north><west>-90</west><east>-67.5</east></LatLonAltBox>
<Lod><minLodPixels>4096</minLodPixels><maxLodPixels>-1</maxLodPixels></Lod></Region>
<Link><href>http://www.marinetraffic.com/ais/getkml.aspx?minlat=39.25&amp;maxlat=51&amp;minlon=-90&amp;maxlon=-67.5</href><refreshInterval>600.0</refreshInterval><refreshMode>onRegion</refreshMode></Link></NetworkLink>
<NetworkLink><Region><LatLonAltBox><south>39.25</south><north>51</north><west>-67.5</west><east>-45</east></LatLonAltBox>
<Lod><minLodPixels>4096</minLodPixels><maxLodPixels>-1</maxLodPixels></Lod></Region>
<Link><href>http://www.marinetraffic.com/ais/getkml.aspx?minlat=39.25&amp;maxlat=51&amp;minlon=-67.5&amp;maxlon=-45</href><refreshInterval>600.0</refreshInterval><refreshMode>onRegion</refreshMode></Link></NetworkLink>
<NetworkLink><Region><LatLonAltBox><south>39.25</south><north>51</north><west>-45</west><east>-22.5</east></LatLonAltBox>
<Lod><minLodPixels>4096</minLodPixels><maxLodPixels>-1</maxLodPixels></Lod></Region>
<Link><href>http://www.marinetraffic.com/ais/getkml.aspx?minlat=39.25&amp;maxlat=51&amp;minlon=-45&amp;maxlon=-22.5</href><refreshInterval>600.0</refreshInterval><refreshMode>onRegion</refreshMode></Link></NetworkLink>
<NetworkLink><Region><LatLonAltBox><south>39.25</south><north>51</north><west>-22.5</west><east>0</east></LatLonAltBox>
<Lod><minLodPixels>4096</minLodPixels><maxLodPixels>-1</maxLodPixels></Lod></Region>
<Link><href>http://www.marinetraffic.com/ais/getkml.aspx?minlat=39.25&amp;maxlat=51&amp;minlon=-22.5&amp;maxlon=0</href><refreshInterval>600.0</refreshInterval><refreshMode>onRegion</refreshMode></Link></NetworkLink>
<NetworkLink><Region><LatLonAltBox><south>39.25</south><north>51</north><west>0</west><east>22.5</east></LatLonAltBox>
<Lod><minLodPixels>4096</minLodPixels><maxLodPixels>-1</maxLodPixels></Lod></Region>
<Link><href>http://www.marinetraffic.com/ais/getkml.aspx?minlat=39.25&amp;maxlat=51&amp;minlon=0&amp;maxlon=22.5</href><refreshInterval>600.0</refreshInterval><refreshMode>onRegion</refreshMode></Link></NetworkLink>
<NetworkLink><Region><LatLonAltBox><south>39.25</south><north>51</north><west>22.5</west><east>45</east></LatLonAltBox>
<Lod><minLodPixels>4096</minLodPixels><maxLodPixels>-1</maxLodPixels></Lod></Region>
<Link><href>http://www.marinetraffic.com/ais/getkml.aspx?minlat=39.25&amp;maxlat=51&amp;minlon=22.5&amp;maxlon=45</href><refreshInterval>600.0</refreshInterval><refreshMode>onRegion</refreshMode></Link></NetworkLink>
<NetworkLink><Region><LatLonAltBox><south>39.25</south><north>51</north><west>45</west><east>67.5</east></LatLonAltBox>
<Lod><minLodPixels>4096</minLodPixels><maxLodPixels>-1</maxLodPixels></Lod></Region>
<Link><href>http://www.marinetraffic.com/ais/getkml.aspx?minlat=39.25&amp;maxlat=51&amp;minlon=45&amp;maxlon=67.5</href><refreshInterval>600.0</refreshInterval><refreshMode>onRegion</refreshMode></Link></NetworkLink>
<NetworkLink><Region><LatLonAltBox><south>39.25</south><north>51</north><west>67.5</west><east>90</east></LatLonAltBox>
<Lod><minLodPixels>4096</minLodPixels><maxLodPixels>-1</maxLodPixels></Lod></Region>
<Link><href>http://www.marinetraffic.com/ais/getkml.aspx?minlat=39.25&amp;maxlat=51&amp;minlon=67.5&amp;maxlon=90</href><refreshInterval>600.0</refreshInterval><refreshMode>onRegion</refreshMode></Link></NetworkLink>
<NetworkLink><Region><LatLonAltBox><south>39.25</south><north>51</north><west>90</west><east>112.5</east></LatLonAltBox>
<Lod><minLodPixels>4096</minLodPixels><maxLodPixels>-1</maxLodPixels></Lod></Region>
<Link><href>http://www.marinetraffic.com/ais/getkml.aspx?minlat=39.25&amp;maxlat=51&amp;minlon=90&amp;maxlon=112.5</href><refreshInterval>600.0</refreshInterval><refreshMode>onRegion</refreshMode></Link></NetworkLink>
<NetworkLink><Region><LatLonAltBox><south>39.25</south><north>51</north><west>112.5</west><east>135</east></LatLonAltBox>
<Lod><minLodPixels>4096</minLodPixels><maxLodPixels>-1</maxLodPixels></Lod></Region>
<Link><href>http://www.marinetraffic.com/ais/getkml.aspx?minlat=39.25&amp;maxlat=51&amp;minlon=112.5&amp;maxlon=135</href><refreshInterval>600.0</refreshInterval><refreshMode>onRegion</refreshMode></Link></NetworkLink>
<NetworkLink><Region><LatLonAltBox><south>39.25</south><north>51</north><west>135</west><east>157.5</east></LatLonAltBox>
<Lod><minLodPixels>4096</minLodPixels><maxLodPixels>-1</maxLodPixels></Lod></Region>
<Link><href>http://www.marinetraffic.com/ais/getkml.aspx?minlat=39.25&amp;maxlat=51&amp;minlon=135&amp;maxlon=157.5</href><refreshInterval>600.0</refreshInterval><refreshMode>onRegion</refreshMode></Link></NetworkLink>
<NetworkLink><Region><LatLonAltBox><south>39.25</south><north>51</north><west>157.5</west><east>180</east></LatLonAltBox>
<Lod><minLodPixels>4096</minLodPixels><maxLodPixels>-1</maxLodPixels></Lod></Region>
<Link><href>http://www.marinetraffic.com/ais/getkml.aspx?minlat=39.25&amp;maxlat=51&amp;minlon=157.5&amp;maxlon=180</href><refreshInterval>600.0</refreshInterval><refreshMode>onRegion</refreshMode></Link></NetworkLink>
<NetworkLink><Region><LatLonAltBox><south>51</south><north>62.75</north><west>-180</west><east>-157.5</east></LatLonAltBox>
<Lod><minLodPixels>4096</minLodPixels><maxLodPixels>-1</maxLodPixels></Lod></Region>
<Link><href>http://www.marinetraffic.com/ais/getkml.aspx?minlat=51&amp;maxlat=62.75&amp;minlon=-180&amp;maxlon=-157.5</href><refreshInterval>600.0</refreshInterval><refreshMode>onRegion</refreshMode></Link></NetworkLink>
<NetworkLink><Region><LatLonAltBox><south>51</south><north>62.75</north><west>-157.5</west><east>-135</east></LatLonAltBox>
<Lod><minLodPixels>4096</minLodPixels><maxLodPixels>-1</maxLodPixels></Lod></Region>
<Link><href>http://www.marinetraffic.com/ais/getkml.aspx?minlat=51&amp;maxlat=62.75&amp;minlon=-157.5&amp;maxlon=-135</href><refreshInterval>600.0</refreshInterval><refreshMode>onRegion</refreshMode></Link></NetworkLink>
<NetworkLink><Region><LatLonAltBox><south>51</south><north>62.75</north><west>-135</west><east>-112.5</east></LatLonAltBox>
<Lod><minLodPixels>4096</minLodPixels><maxLodPixels>-1</maxLodPixels></Lod></Region>
<Link><href>http://www.marinetraffic.com/ais/getkml.aspx?minlat=51&amp;maxlat=62.75&amp;minlon=-135&amp;maxlon=-112.5</href><refreshInterval>600.0</refreshInterval><refreshMode>onRegion</refreshMode></Link></NetworkLink>
<NetworkLink><Region><LatLonAltBox><south>51</south><north>62.75</north><west>-112.5</west><east>-90</east></LatLonAltBox>
<Lod><minLodPixels>4096</minLodPixels><maxLodPixels>-1</maxLodPixels></Lod></Region>
<Link><href>http://www.marinetraffic.com/ais/getkml.aspx?minlat=51&amp;maxlat=62.75&amp;minlon=-112.5&amp;maxlon=-90</href><refreshInterval>600.0</refreshInterval><refreshMode>onRegion</refreshMode></Link></NetworkLink>
<NetworkLink><Region><LatLonAltBox><south>51</south><north>62.75</north><west>-90</west><east>-67.5</east></LatLonAltBox>
<Lod><minLodPixels>4096</minLodPixels><maxLodPixels>-1</maxLodPixels></Lod></Region>
<Link><href>http://www.marinetraffic.com/ais/getkml.aspx?minlat=51&amp;maxlat=62.75&amp;minlon=-90&amp;maxlon=-67.5</href><refreshInterval>600.0</refreshInterval><refreshMode>onRegion</refreshMode></Link></NetworkLink>
<NetworkLink><Region><LatLonAltBox><south>51</south><north>62.75</north><west>-67.5</west><east>-45</east></LatLonAltBox>
<Lod><minLodPixels>4096</minLodPixels><maxLodPixels>-1</maxLodPixels></Lod></Region>
<Link><href>http://www.marinetraffic.com/ais/getkml.aspx?minlat=51&amp;maxlat=62.75&amp;minlon=-67.5&amp;maxlon=-45</href><refreshInterval>600.0</refreshInterval><refreshMode>onRegion</refreshMode></Link></NetworkLink>
<NetworkLink><Region><LatLonAltBox><south>51</south><north>62.75</north><west>-45</west><east>-22.5</east></LatLonAltBox>
<Lod><minLodPixels>4096</minLodPixels><maxLodPixels>-1</maxLodPixels></Lod></Region>
<Link><href>http://www.marinetraffic.com/ais/getkml.aspx?minlat=51&amp;maxlat=62.75&amp;minlon=-45&amp;maxlon=-22.5</href><refreshInterval>600.0</refreshInterval><refreshMode>onRegion</refreshMode></Link></NetworkLink>
<NetworkLink><Region><LatLonAltBox><south>51</south><north>62.75</north><west>-22.5</west><east>0</east></LatLonAltBox>
<Lod><minLodPixels>4096</minLodPixels><maxLodPixels>-1</maxLodPixels></Lod></Region>
<Link><href>http://www.marinetraffic.com/ais/getkml.aspx?minlat=51&amp;maxlat=62.75&amp;minlon=-22.5&amp;maxlon=0</href><refreshInterval>600.0</refreshInterval><refreshMode>onRegion</refreshMode></Link></NetworkLink>
<NetworkLink><Region><LatLonAltBox><south>51</south><north>62.75</north><west>0</west><east>22.5</east></LatLonAltBox>
<Lod><minLodPixels>4096</minLodPixels><maxLodPixels>-1</maxLodPixels></Lod></Region>
<Link><href>http://www.marinetraffic.com/ais/getkml.aspx?minlat=51&amp;maxlat=62.75&amp;minlon=0&amp;maxlon=22.5</href><refreshInterval>600.0</refreshInterval><refreshMode>onRegion</refreshMode></Link></NetworkLink>
<NetworkLink><Region><LatLonAltBox><south>51</south><north>62.75</north><west>22.5</west><east>45</east></LatLonAltBox>
<Lod><minLodPixels>4096</minLodPixels><maxLodPixels>-1</maxLodPixels></Lod></Region>
<Link><href>http://www.marinetraffic.com/ais/getkml.aspx?minlat=51&amp;maxlat=62.75&amp;minlon=22.5&amp;maxlon=45</href><refreshInterval>600.0</refreshInterval><refreshMode>onRegion</refreshMode></Link></NetworkLink>
<NetworkLink><Region><LatLonAltBox><south>51</south><north>62.75</north><west>45</west><east>67.5</east></LatLonAltBox>
<Lod><minLodPixels>4096</minLodPixels><maxLodPixels>-1</maxLodPixels></Lod></Region>
<Link><href>http://www.marinetraffic.com/ais/getkml.aspx?minlat=51&amp;maxlat=62.75&amp;minlon=45&amp;maxlon=67.5</href><refreshInterval>600.0</refreshInterval><refreshMode>onRegion</refreshMode></Link></NetworkLink>
<NetworkLink><Region><LatLonAltBox><south>51</south><north>62.75</north><west>67.5</west><east>90</east></LatLonAltBox>
<Lod><minLodPixels>4096</minLodPixels><maxLodPixels>-1</maxLodPixels></Lod></Region>
<Link><href>http://www.marinetraffic.com/ais/getkml.aspx?minlat=51&amp;maxlat=62.75&amp;minlon=67.5&amp;maxlon=90</href><refreshInterval>600.0</refreshInterval><refreshMode>onRegion</refreshMode></Link></NetworkLink>
<NetworkLink><Region><LatLonAltBox><south>51</south><north>62.75</north><west>90</west><east>112.5</east></LatLonAltBox>
<Lod><minLodPixels>4096</minLodPixels><maxLodPixels>-1</maxLodPixels></Lod></Region>
<Link><href>http://www.marinetraffic.com/ais/getkml.aspx?minlat=51&amp;maxlat=62.75&amp;minlon=90&amp;maxlon=112.5</href><refreshInterval>600.0</refreshInterval><refreshMode>onRegion</refreshMode></Link></NetworkLink>
<NetworkLink><Region><LatLonAltBox><south>51</south><north>62.75</north><west>112.5</west><east>135</east></LatLonAltBox>
<Lod><minLodPixels>4096</minLodPixels><maxLodPixels>-1</maxLodPixels></Lod></Region>
<Link><href>http://www.marinetraffic.com/ais/getkml.aspx?minlat=51&amp;maxlat=62.75&amp;minlon=112.5&amp;maxlon=135</href><refreshInterval>600.0</refreshInterval><refreshMode>onRegion</refreshMode></Link></NetworkLink>
<NetworkLink><Region><LatLonAltBox><south>51</south><north>62.75</north><west>135</west><east>157.5</east></LatLonAltBox>
<Lod><minLodPixels>4096</minLodPixels><maxLodPixels>-1</maxLodPixels></Lod></Region>
<Link><href>http://www.marinetraffic.com/ais/getkml.aspx?minlat=51&amp;maxlat=62.75&amp;minlon=135&amp;maxlon=157.5</href><refreshInterval>600.0</refreshInterval><refreshMode>onRegion</refreshMode></Link></NetworkLink>
<NetworkLink><Region><LatLonAltBox><south>51</south><north>62.75</north><west>157.5</west><east>180</east></LatLonAltBox>
<Lod><minLodPixels>4096</minLodPixels><maxLodPixels>-1</maxLodPixels></Lod></Region>
<Link><href>http://www.marinetraffic.com/ais/getkml.aspx?minlat=51&amp;maxlat=62.75&amp;minlon=157.5&amp;maxlon=180</href><refreshInterval>600.0</refreshInterval><refreshMode>onRegion</refreshMode></Link></NetworkLink>
<NetworkLink><Region><LatLonAltBox><south>62.75</south><north>74.5</north><west>-180</west><east>-157.5</east></LatLonAltBox>
<Lod><minLodPixels>4096</minLodPixels><maxLodPixels>-1</maxLodPixels></Lod></Region>
<Link><href>http://www.marinetraffic.com/ais/getkml.aspx?minlat=62.75&amp;maxlat=74.5&amp;minlon=-180&amp;maxlon=-157.5</href><refreshInterval>600.0</refreshInterval><refreshMode>onRegion</refreshMode></Link></NetworkLink>
<NetworkLink><Region><LatLonAltBox><south>62.75</south><north>74.5</north><west>-157.5</west><east>-135</east></LatLonAltBox>
<Lod><minLodPixels>4096</minLodPixels><maxLodPixels>-1</maxLodPixels></Lod></Region>
<Link><href>http://www.marinetraffic.com/ais/getkml.aspx?minlat=62.75&amp;maxlat=74.5&amp;minlon=-157.5&amp;maxlon=-135</href><refreshInterval>600.0</refreshInterval><refreshMode>onRegion</refreshMode></Link></NetworkLink>
<NetworkLink><Region><LatLonAltBox><south>62.75</south><north>74.5</north><west>-135</west><east>-112.5</east></LatLonAltBox>
<Lod><minLodPixels>4096</minLodPixels><maxLodPixels>-1</maxLodPixels></Lod></Region>
<Link><href>http://www.marinetraffic.com/ais/getkml.aspx?minlat=62.75&amp;maxlat=74.5&amp;minlon=-135&amp;maxlon=-112.5</href><refreshInterval>600.0</refreshInterval><refreshMode>onRegion</refreshMode></Link></NetworkLink>
<NetworkLink><Region><LatLonAltBox><south>62.75</south><north>74.5</north><west>-112.5</west><east>-90</east></LatLonAltBox>
<Lod><minLodPixels>4096</minLodPixels><maxLodPixels>-1</maxLodPixels></Lod></Region>
<Link><href>http://www.marinetraffic.com/ais/getkml.aspx?minlat=62.75&amp;maxlat=74.5&amp;minlon=-112.5&amp;maxlon=-90</href><refreshInterval>600.0</refreshInterval><refreshMode>onRegion</refreshMode></Link></NetworkLink>
<NetworkLink><Region><LatLonAltBox><south>62.75</south><north>74.5</north><west>-90</west><east>-67.5</east></LatLonAltBox>
<Lod><minLodPixels>4096</minLodPixels><maxLodPixels>-1</maxLodPixels></Lod></Region>
<Link><href>http://www.marinetraffic.com/ais/getkml.aspx?minlat=62.75&amp;maxlat=74.5&amp;minlon=-90&amp;maxlon=-67.5</href><refreshInterval>600.0</refreshInterval><refreshMode>onRegion</refreshMode></Link></NetworkLink>
<NetworkLink><Region><LatLonAltBox><south>62.75</south><north>74.5</north><west>-67.5</west><east>-45</east></LatLonAltBox>
<Lod><minLodPixels>4096</minLodPixels><maxLodPixels>-1</maxLodPixels></Lod></Region>
<Link><href>http://www.marinetraffic.com/ais/getkml.aspx?minlat=62.75&amp;maxlat=74.5&amp;minlon=-67.5&amp;maxlon=-45</href><refreshInterval>600.0</refreshInterval><refreshMode>onRegion</refreshMode></Link></NetworkLink>
<NetworkLink><Region><LatLonAltBox><south>62.75</south><north>74.5</north><west>-45</west><east>-22.5</east></LatLonAltBox>
<Lod><minLodPixels>4096</minLodPixels><maxLodPixels>-1</maxLodPixels></Lod></Region>
<Link><href>http://www.marinetraffic.com/ais/getkml.aspx?minlat=62.75&amp;maxlat=74.5&amp;minlon=-45&amp;maxlon=-22.5</href><refreshInterval>600.0</refreshInterval><refreshMode>onRegion</refreshMode></Link></NetworkLink>
<NetworkLink><Region><LatLonAltBox><south>62.75</south><north>74.5</north><west>-22.5</west><east>0</east></LatLonAltBox>
<Lod><minLodPixels>4096</minLodPixels><maxLodPixels>-1</maxLodPixels></Lod></Region>
<Link><href>http://www.marinetraffic.com/ais/getkml.aspx?minlat=62.75&amp;maxlat=74.5&amp;minlon=-22.5&amp;maxlon=0</href><refreshInterval>600.0</refreshInterval><refreshMode>onRegion</refreshMode></Link></NetworkLink>
<NetworkLink><Region><LatLonAltBox><south>62.75</south><north>74.5</north><west>0</west><east>22.5</east></LatLonAltBox>
<Lod><minLodPixels>4096</minLodPixels><maxLodPixels>-1</maxLodPixels></Lod></Region>
<Link><href>http://www.marinetraffic.com/ais/getkml.aspx?minlat=62.75&amp;maxlat=74.5&amp;minlon=0&amp;maxlon=22.5</href><refreshInterval>600.0</refreshInterval><refreshMode>onRegion</refreshMode></Link></NetworkLink>
<NetworkLink><Region><LatLonAltBox><south>62.75</south><north>74.5</north><west>22.5</west><east>45</east></LatLonAltBox>
<Lod><minLodPixels>4096</minLodPixels><maxLodPixels>-1</maxLodPixels></Lod></Region>
<Link><href>http://www.marinetraffic.com/ais/getkml.aspx?minlat=62.75&amp;maxlat=74.5&amp;minlon=22.5&amp;maxlon=45</href><refreshInterval>600.0</refreshInterval><refreshMode>onRegion</refreshMode></Link></NetworkLink>
<NetworkLink><Region><LatLonAltBox><south>62.75</south><north>74.5</north><west>45</west><east>67.5</east></LatLonAltBox>
<Lod><minLodPixels>4096</minLodPixels><maxLodPixels>-1</maxLodPixels></Lod></Region>
<Link><href>http://www.marinetraffic.com/ais/getkml.aspx?minlat=62.75&amp;maxlat=74.5&amp;minlon=45&amp;maxlon=67.5</href><refreshInterval>600.0</refreshInterval><refreshMode>onRegion</refreshMode></Link></NetworkLink>
<NetworkLink><Region><LatLonAltBox><south>62.75</south><north>74.5</north><west>67.5</west><east>90</east></LatLonAltBox>
<Lod><minLodPixels>4096</minLodPixels><maxLodPixels>-1</maxLodPixels></Lod></Region>
<Link><href>http://www.marinetraffic.com/ais/getkml.aspx?minlat=62.75&amp;maxlat=74.5&amp;minlon=67.5&amp;maxlon=90</href><refreshInterval>600.0</refreshInterval><refreshMode>onRegion</refreshMode></Link></NetworkLink>
<NetworkLink><Region><LatLonAltBox><south>62.75</south><north>74.5</north><west>90</west><east>112.5</east></LatLonAltBox>
<Lod><minLodPixels>4096</minLodPixels><maxLodPixels>-1</maxLodPixels></Lod></Region>
<Link><href>http://www.marinetraffic.com/ais/getkml.aspx?minlat=62.75&amp;maxlat=74.5&amp;minlon=90&amp;maxlon=112.5</href><refreshInterval>600.0</refreshInterval><refreshMode>onRegion</refreshMode></Link></NetworkLink>
<NetworkLink><Region><LatLonAltBox><south>62.75</south><north>74.5</north><west>112.5</west><east>135</east></LatLonAltBox>
<Lod><minLodPixels>4096</minLodPixels><maxLodPixels>-1</maxLodPixels></Lod></Region>
<Link><href>http://www.marinetraffic.com/ais/getkml.aspx?minlat=62.75&amp;maxlat=74.5&amp;minlon=112.5&amp;maxlon=135</href><refreshInterval>600.0</refreshInterval><refreshMode>onRegion</refreshMode></Link></NetworkLink>
<NetworkLink><Region><LatLonAltBox><south>62.75</south><north>74.5</north><west>135</west><east>157.5</east></LatLonAltBox>
<Lod><minLodPixels>4096</minLodPixels><maxLodPixels>-1</maxLodPixels></Lod></Region>
<Link><href>http://www.marinetraffic.com/ais/getkml.aspx?minlat=62.75&amp;maxlat=74.5&amp;minlon=135&amp;maxlon=157.5</href><refreshInterval>600.0</refreshInterval><refreshMode>onRegion</refreshMode></Link></NetworkLink>
<NetworkLink><Region><LatLonAltBox><south>62.75</south><north>74.5</north><west>157.5</west><east>180</east></LatLonAltBox>
<Lod><minLodPixels>4096</minLodPixels><maxLodPixels>-1</maxLodPixels></Lod></Region>
<Link><href>http://www.marinetraffic.com/ais/getkml.aspx?minlat=62.75&amp;maxlat=74.5&amp;minlon=157.5&amp;maxlon=180</href><refreshInterval>600.0</refreshInterval><refreshMode>onRegion</refreshMode></Link></NetworkLink>
<NetworkLink><Region><LatLonAltBox><south>74.5</south><north>86.25</north><west>-180</west><east>-157.5</east></LatLonAltBox>
<Lod><minLodPixels>4096</minLodPixels><maxLodPixels>-1</maxLodPixels></Lod></Region>
<Link><href>http://www.marinetraffic.com/ais/getkml.aspx?minlat=74.5&amp;maxlat=86.25&amp;minlon=-180&amp;maxlon=-157.5</href><refreshInterval>600.0</refreshInterval><refreshMode>onRegion</refreshMode></Link></NetworkLink>
<NetworkLink><Region><LatLonAltBox><south>74.5</south><north>86.25</north><west>-157.5</west><east>-135</east></LatLonAltBox>
<Lod><minLodPixels>4096</minLodPixels><maxLodPixels>-1</maxLodPixels></Lod></Region>
<Link><href>http://www.marinetraffic.com/ais/getkml.aspx?minlat=74.5&amp;maxlat=86.25&amp;minlon=-157.5&amp;maxlon=-135</href><refreshInterval>600.0</refreshInterval><refreshMode>onRegion</refreshMode></Link></NetworkLink>
<NetworkLink><Region><LatLonAltBox><south>74.5</south><north>86.25</north><west>-135</west><east>-112.5</east></LatLonAltBox>
<Lod><minLodPixels>4096</minLodPixels><maxLodPixels>-1</maxLodPixels></Lod></Region>
<Link><href>http://www.marinetraffic.com/ais/getkml.aspx?minlat=74.5&amp;maxlat=86.25&amp;minlon=-135&amp;maxlon=-112.5</href><refreshInterval>600.0</refreshInterval><refreshMode>onRegion</refreshMode></Link></NetworkLink>
<NetworkLink><Region><LatLonAltBox><south>74.5</south><north>86.25</north><west>-112.5</west><east>-90</east></LatLonAltBox>
<Lod><minLodPixels>4096</minLodPixels><maxLodPixels>-1</maxLodPixels></Lod></Region>
<Link><href>http://www.marinetraffic.com/ais/getkml.aspx?minlat=74.5&amp;maxlat=86.25&amp;minlon=-112.5&amp;maxlon=-90</href><refreshInterval>600.0</refreshInterval><refreshMode>onRegion</refreshMode></Link></NetworkLink>
<NetworkLink><Region><LatLonAltBox><south>74.5</south><north>86.25</north><west>-90</west><east>-67.5</east></LatLonAltBox>
<Lod><minLodPixels>4096</minLodPixels><maxLodPixels>-1</maxLodPixels></Lod></Region>
<Link><href>http://www.marinetraffic.com/ais/getkml.aspx?minlat=74.5&amp;maxlat=86.25&amp;minlon=-90&amp;maxlon=-67.5</href><refreshInterval>600.0</refreshInterval><refreshMode>onRegion</refreshMode></Link></NetworkLink>
<NetworkLink><Region><LatLonAltBox><south>74.5</south><north>86.25</north><west>-67.5</west><east>-45</east></LatLonAltBox>
<Lod><minLodPixels>4096</minLodPixels><maxLodPixels>-1</maxLodPixels></Lod></Region>
<Link><href>http://www.marinetraffic.com/ais/getkml.aspx?minlat=74.5&amp;maxlat=86.25&amp;minlon=-67.5&amp;maxlon=-45</href><refreshInterval>600.0</refreshInterval><refreshMode>onRegion</refreshMode></Link></NetworkLink>
<NetworkLink><Region><LatLonAltBox><south>74.5</south><north>86.25</north><west>-45</west><east>-22.5</east></LatLonAltBox>
<Lod><minLodPixels>4096</minLodPixels><maxLodPixels>-1</maxLodPixels></Lod></Region>
<Link><href>http://www.marinetraffic.com/ais/getkml.aspx?minlat=74.5&amp;maxlat=86.25&amp;minlon=-45&amp;maxlon=-22.5</href><refreshInterval>600.0</refreshInterval><refreshMode>onRegion</refreshMode></Link></NetworkLink>
<NetworkLink><Region><LatLonAltBox><south>74.5</south><north>86.25</north><west>-22.5</west><east>0</east></LatLonAltBox>
<Lod><minLodPixels>4096</minLodPixels><maxLodPixels>-1</maxLodPixels></Lod></Region>
<Link><href>http://www.marinetraffic.com/ais/getkml.aspx?minlat=74.5&amp;maxlat=86.25&amp;minlon=-22.5&amp;maxlon=0</href><refreshInterval>600.0</refreshInterval><refreshMode>onRegion</refreshMode></Link></NetworkLink>
<NetworkLink><Region><LatLonAltBox><south>74.5</south><north>86.25</north><west>0</west><east>22.5</east></LatLonAltBox>
<Lod><minLodPixels>4096</minLodPixels><maxLodPixels>-1</maxLodPixels></Lod></Region>
<Link><href>http://www.marinetraffic.com/ais/getkml.aspx?minlat=74.5&amp;maxlat=86.25&amp;minlon=0&amp;maxlon=22.5</href><refreshInterval>600.0</refreshInterval><refreshMode>onRegion</refreshMode></Link></NetworkLink>
<NetworkLink><Region><LatLonAltBox><south>74.5</south><north>86.25</north><west>22.5</west><east>45</east></LatLonAltBox>
<Lod><minLodPixels>4096</minLodPixels><maxLodPixels>-1</maxLodPixels></Lod></Region>
<Link><href>http://www.marinetraffic.com/ais/getkml.aspx?minlat=74.5&amp;maxlat=86.25&amp;minlon=22.5&amp;maxlon=45</href><refreshInterval>600.0</refreshInterval><refreshMode>onRegion</refreshMode></Link></NetworkLink>
<NetworkLink><Region><LatLonAltBox><south>74.5</south><north>86.25</north><west>45</west><east>67.5</east></LatLonAltBox>
<Lod><minLodPixels>4096</minLodPixels><maxLodPixels>-1</maxLodPixels></Lod></Region>
<Link><href>http://www.marinetraffic.com/ais/getkml.aspx?minlat=74.5&amp;maxlat=86.25&amp;minlon=45&amp;maxlon=67.5</href><refreshInterval>600.0</refreshInterval><refreshMode>onRegion</refreshMode></Link></NetworkLink>
<NetworkLink><Region><LatLonAltBox><south>74.5</south><north>86.25</north><west>67.5</west><east>90</east></LatLonAltBox>
<Lod><minLodPixels>4096</minLodPixels><maxLodPixels>-1</maxLodPixels></Lod></Region>
<Link><href>http://www.marinetraffic.com/ais/getkml.aspx?minlat=74.5&amp;maxlat=86.25&amp;minlon=67.5&amp;maxlon=90</href><refreshInterval>600.0</refreshInterval><refreshMode>onRegion</refreshMode></Link></NetworkLink>
<NetworkLink><Region><LatLonAltBox><south>74.5</south><north>86.25</north><west>90</west><east>112.5</east></LatLonAltBox>
<Lod><minLodPixels>4096</minLodPixels><maxLodPixels>-1</maxLodPixels></Lod></Region>
<Link><href>http://www.marinetraffic.com/ais/getkml.aspx?minlat=74.5&amp;maxlat=86.25&amp;minlon=90&amp;maxlon=112.5</href><refreshInterval>600.0</refreshInterval><refreshMode>onRegion</refreshMode></Link></NetworkLink>
<NetworkLink><Region><LatLonAltBox><south>74.5</south><north>86.25</north><west>112.5</west><east>135</east></LatLonAltBox>
<Lod><minLodPixels>4096</minLodPixels><maxLodPixels>-1</maxLodPixels></Lod></Region>
<Link><href>http://www.marinetraffic.com/ais/getkml.aspx?minlat=74.5&amp;maxlat=86.25&amp;minlon=112.5&amp;maxlon=135</href><refreshInterval>600.0</refreshInterval><refreshMode>onRegion</refreshMode></Link></NetworkLink>
<NetworkLink><Region><LatLonAltBox><south>74.5</south><north>86.25</north><west>135</west><east>157.5</east></LatLonAltBox>
<Lod><minLodPixels>4096</minLodPixels><maxLodPixels>-1</maxLodPixels></Lod></Region>
<Link><href>http://www.marinetraffic.com/ais/getkml.aspx?minlat=74.5&amp;maxlat=86.25&amp;minlon=135&amp;maxlon=157.5</href><refreshInterval>600.0</refreshInterval><refreshMode>onRegion</refreshMode></Link></NetworkLink>
<NetworkLink><Region><LatLonAltBox><south>74.5</south><north>86.25</north><west>157.5</west><east>180</east></LatLonAltBox>
<Lod><minLodPixels>4096</minLodPixels><maxLodPixels>-1</maxLodPixels></Lod></Region>
<Link><href>http://www.marinetraffic.com/ais/getkml.aspx?minlat=74.5&amp;maxlat=86.25&amp;minlon=157.5&amp;maxlon=180</href><refreshInterval>600.0</refreshInterval><refreshMode>onRegion</refreshMode></Link></NetworkLink>


<ScreenOverlay>
<description>MarineTraffic Logo</description>
<name>MarineTraffic Logo</name>
<color>FFFFFFFF</color>
<drawOrder>0</drawOrder>
<Icon>
<href>http://www.marinetraffic.com/ais/images/shiplogo.png</href>
</Icon>
<overlayXY yunits="fraction" y="1.0" xunits="fraction" x="0.0"/>
<screenXY yunits="fraction" y="1.0" xunits="fraction" x="0.0"/>
<size yunits="fraction" y="-1" xunits="fraction" x="-1"/>
</ScreenOverlay>
</Document>
</kml>
